url,targetKeyword,secondaryKeywords,cluster,tier,role,publicationDate,lastUpdated,wordCount,affiliateProducts,affiliateCategories,internalLinksOut,sources,status,semrushValidated
https://quietmindsleep.co.uk/falling-asleep/bedtime-routine-for-adults/,bedtime routine for adults,adult bedtime routine; night routine for better sleep; evening routine for sleep; wind down routine,falling-asleep,1,informational,2026-09-25,2026-09-25,2183,silk-sleep-mask; weighted-blanket,sleep-mask; weighted-blanket,14,https://www.nhs.uk/every-mind-matters/mental-wellbeing-tips/how-to-fall-asleep-faster-and-sleep-better/; https://www.sleepfoundation.org/sleep-hygiene; https://thesleepcharity.org.uk/; ,draft,no
https://quietmindsleep.co.uk/falling-asleep/cant-sleep-before-a-big-day/,can't sleep before a big day,can't sleep night before exam; can't sleep before interview; can't sleep before early flight; nervous can't sleep,falling-asleep,3,supporting,2026-09-25,2026-09-25,1422,silk-sleep-mask,sleep-mask,13,https://www.nhs.uk/every-mind-matters/mental-wellbeing-tips/how-to-fall-asleep-faster-and-sleep-better/; https://www.mentalhealth.org.uk/; https://www.sleepfoundation.org/sleep-hygiene,draft,no
https://quietmindsleep.co.uk/falling-asleep/difficulty-falling-asleep/,difficulty falling asleep,trouble falling asleep; why can't I fall asleep; taking a long time to fall asleep; sleep onset insomnia,falling-asleep,1,informational,2026-09-25,2026-09-25,1929,,,12,https://www.nhs.uk/conditions/insomnia/; https://cks.nice.org.uk/topics/insomnia/; https://www.mind.org.uk/information-support/types-of-mental-health-problems/sleep-problems/; ,draft,no
https://quietmindsleep.co.uk/falling-asleep/how-long-should-it-take-to-fall-asleep/,how long should it take to fall asleep,how long does it take to fall asleep; normal time to fall asleep; sleep latency,falling-asleep,2,supporting,2026-09-25,2026-09-25,1027,,,8,https://www.sleepfoundation.org/sleep-faqs/how-long-should-it-take-to-fall-asleep; https://www.nhs.uk/conditions/insomnia/; ,draft,no
https://quietmindsleep.co.uk/falling-asleep/how-to-fall-asleep-faster/,how to fall asleep faster,how to fall asleep fast; how to fall asleep quickly; ways to fall asleep faster; fall asleep faster,falling-asleep,1,informational,2026-09-25,2026-09-25,2585,contoured-sleep-mask; fan-based-white-noise-machine,sleep-mask; white-noise,14,https://www.nhs.uk/every-mind-matters/mental-wellbeing-tips/how-to-fall-asleep-faster-and-sleep-better/; https://www.nhs.uk/conditions/insomnia/; https://cks.nice.org.uk/topics/insomnia/; https://www.sleepfoundation.org/sleep-hygiene; ,draft,no
https://quietmindsleep.co.uk/falling-asleep/how-to-sleep-when-not-tired/,how to sleep when not tired,can't sleep not tired; how to fall asleep when you're not tired; not tired at bedtime,falling-asleep,3,supporting,2026-09-25,2026-09-25,1257,,,12,https://www.nhs.uk/every-mind-matters/mental-wellbeing-tips/how-to-fall-asleep-faster-and-sleep-better/; https://www.cdc.gov/sleep/; https://www.sleepfoundation.org/sleep-hygiene,draft,no
https://quietmindsleep.co.uk/falling-asleep/military-sleep-method/,military sleep method,military method to fall asleep; fall asleep in 2 minutes; army sleep technique,falling-asleep,2,supporting,2026-09-25,2026-09-25,1397,,,9,; https://www.nhs.uk/every-mind-matters/mental-wellbeing-tips/how-to-fall-asleep-faster-and-sleep-better/; https://www.sleepfoundation.org/sleep-hygiene,draft,no
https://quietmindsleep.co.uk/falling-asleep/things-to-do-before-bed/,things to do before bed,what to do before bed; relaxing things to do before bed; things to do before sleep,falling-asleep,2,supporting,2026-09-25,2026-09-25,1646,headband-sleep-headphones,sleep-headphones,13,https://www.nhs.uk/every-mind-matters/mental-wellbeing-tips/how-to-fall-asleep-faster-and-sleep-better/; https://www.sleepfoundation.org/sleep-hygiene; https://www.sleepfoundation.org/nutrition/alcohol-and-sleep; https://www.nhs.uk/live-well/sleep-and-tiredness/,draft,no
https://quietmindsleep.co.uk/falling-asleep/what-to-do-when-you-cant-sleep/,what to do when you can't sleep,can't sleep what to do; what to do if you can't sleep; things to do when you can't sleep at night,falling-asleep,1,informational,2026-09-25,2026-09-25,2125,headband-sleep-headphones,sleep-headphones,16,https://www.nhs.uk/conditions/insomnia/; https://cks.nice.org.uk/topics/insomnia/; https://www.sleepfoundation.org/sleep-hygiene; ,draft,no
https://quietmindsleep.co.uk/quiet-the-mind/anxiety-at-night/,anxiety at night,worrying at bedtime; night time anxiety; anxiety before bed; why is anxiety worse at night,quiet-the-mind,1,informational,2026-09-25,2026-09-25,1898,,,12,https://www.nhs.uk/every-mind-matters/mental-health-issues/anxiety/; https://www.mind.org.uk/information-support/types-of-mental-health-problems/anxiety-and-panic-attacks/; https://www.nhs.uk/mental-health/talking-therapies-medicine-treatments/talking-therapies-and-counselling/nhs-talking-therapies/; https://www.sleepfoundation.org/mental-health/anxiety-and-sleep,draft,no
https://quietmindsleep.co.uk/quiet-the-mind/cant-switch-off-at-night/,can't switch off at night,brain won't switch off at night; can't switch my mind off to sleep; mind won't shut off,quiet-the-mind,2,informational,2026-09-25,2026-09-25,1630,fan-based-white-noise-machine,white-noise,15,https://www.nhs.uk/every-mind-matters/mental-wellbeing-tips/how-to-fall-asleep-faster-and-sleep-better/; https://www.nhs.uk/live-well/sleep-and-tiredness/; https://www.sleepfoundation.org/sleep-hygiene,draft,no
https://quietmindsleep.co.uk/quiet-the-mind/cognitive-shuffling/,cognitive shuffling,cognitive shuffle sleep; cognitive shuffling technique; word game to fall asleep,quiet-the-mind,3,supporting,2026-09-25,2026-09-25,1267,,,12,https://www.nhs.uk/every-mind-matters/mental-wellbeing-tips/how-to-fall-asleep-faster-and-sleep-better/; https://www.nhs.uk/conditions/insomnia/; https://www.mind.org.uk/information-support/types-of-mental-health-problems/sleep-problems/,draft,no
https://quietmindsleep.co.uk/quiet-the-mind/how-to-calm-your-mind-before-bed/,how to calm your mind before bed,how to relax your mind before sleep; calm mind before sleep; how to quiet your mind before bed,quiet-the-mind,1,informational,2026-09-25,2026-09-25,1929,headband-sleep-headphones; weighted-blanket,sleep-headphones; weighted-blanket,14,https://www.nhs.uk/every-mind-matters/mental-wellbeing-tips/how-to-fall-asleep-faster-and-sleep-better/; https://www.nhs.uk/live-well/sleep-and-tiredness/; https://www.sleepfoundation.org/sleep-hygiene; https://www.mentalhealth.org.uk/,draft,no
https://quietmindsleep.co.uk/quiet-the-mind/how-to-stop-overthinking-at-night/,how to stop overthinking at night,overthinking at night; overthinking before bed; how to stop overthinking before sleep,quiet-the-mind,1,informational,2026-09-25,2026-09-25,1990,headband-sleep-headphones; sleep-earbuds,sleep-headphones,12,https://www.nhs.uk/every-mind-matters/mental-wellbeing-tips/how-to-fall-asleep-faster-and-sleep-better/; https://www.nhs.uk/conditions/insomnia/; https://www.mind.org.uk/information-support/types-of-mental-health-problems/sleep-problems/; https://www.sleepfoundation.org/insomnia/treatment/cognitive-behavioral-therapy-insomnia,draft,no
https://quietmindsleep.co.uk/quiet-the-mind/racing-thoughts-at-night/,racing thoughts at night,racing mind at night; how to stop racing thoughts at night; mind racing can't sleep,quiet-the-mind,1,informational,2026-09-25,2026-09-25,2399,digital-sound-machine; headband-sleep-headphones,white-noise; sleep-headphones,13,https://www.nhs.uk/conditions/insomnia/; https://www.nhs.uk/every-mind-matters/mental-wellbeing-tips/how-to-fall-asleep-faster-and-sleep-better/; https://cks.nice.org.uk/topics/insomnia/; https://www.mind.org.uk/information-support/types-of-mental-health-problems/sleep-problems/,draft,no
https://quietmindsleep.co.uk/quiet-the-mind/sleep-anxiety/,sleep anxiety,anxiety about not sleeping; fear of not sleeping; scared to go to sleep; sleep performance anxiety,quiet-the-mind,2,supporting,2026-09-25,2026-09-25,1609,,,10,https://www.nhs.uk/conditions/insomnia/; https://cks.nice.org.uk/topics/insomnia/; https://www.sleepfoundation.org/insomnia/treatment/cognitive-behavioral-therapy-insomnia; https://www.mind.org.uk/information-support/types-of-mental-health-problems/sleep-problems/,draft,no
https://quietmindsleep.co.uk/quiet-the-mind/sunday-night-insomnia/,can't sleep on sunday night,sunday night insomnia; sunday night anxiety; why can't I sleep on a sunday,quiet-the-mind,3,supporting,2026-09-25,2026-09-25,1299,,,11,https://www.nhs.uk/live-well/sleep-and-tiredness/; https://www.nhs.uk/every-mind-matters/mental-wellbeing-tips/how-to-fall-asleep-faster-and-sleep-better/; https://www.sleepfoundation.org/circadian-rhythm,draft,no
https://quietmindsleep.co.uk/quiet-the-mind/worry-list-before-bed/,worry list before bed,constructive worry; worry journal before bed; writing down worries before sleep; brain dump before bed,quiet-the-mind,3,supporting,2026-09-25,2026-09-25,1268,,,11,https://www.nhs.uk/conditions/insomnia/; https://www.sleepfoundation.org/insomnia/treatment/cognitive-behavioral-therapy-insomnia; https://www.nhs.uk/every-mind-matters/mental-wellbeing-tips/how-to-fall-asleep-faster-and-sleep-better/,draft,no
https://quietmindsleep.co.uk/relaxation/4-7-8-breathing/,4-7-8 breathing,4 7 8 breathing technique; 4-7-8 breathing for sleep; 478 breathing; 4 7 8 sleep method,relaxation,1,informational,2026-09-25,2026-09-25,1276,,,12,https://www.nhs.uk/mental-health/self-help/guides-tools-and-activities/breathing-exercises-for-stress/; https://doi.org/10.3389/fnhum.2018.00353; https://www.nhs.uk/conditions/insomnia/,draft,no
https://quietmindsleep.co.uk/relaxation/bedtime-meditation-for-sleep/,bedtime meditation,meditation for sleep; sleep meditation; meditation before bed; how to meditate to fall asleep,relaxation,2,informational,2026-09-25,2026-09-25,1797,headband-sleep-headphones; sleep-earbuds,sleep-headphones,11,https://www.nhs.uk/mental-health/self-help/tips-and-support/mindfulness/; https://doi.org/10.1111/nyas.13996; https://doi.org/10.1001/jamainternmed.2014.8081; https://www.nhs.uk/conditions/insomnia/,draft,no
https://quietmindsleep.co.uk/relaxation/bedtime-relaxation-techniques/,bedtime relaxation techniques,relaxation techniques for sleep; how to relax before bed; relaxation exercises for sleep; ways to relax before sleep,relaxation,1,informational,2026-09-25,2026-09-25,2364,weighted-blanket; headband-sleep-headphones,weighted-blanket; sleep-headphones,19,https://www.nhs.uk/conditions/insomnia/; https://www.nhs.uk/every-mind-matters/mental-wellbeing-tips/how-to-fall-asleep-faster-and-sleep-better/; https://doi.org/10.1111/jsr.12594; https://www.sleepfoundation.org/sleep-hygiene/relaxation-exercises-to-help-fall-asleep; https://www.mind.org.uk/information-support/tips-for-everyday-living/relaxation/,draft,no
https://quietmindsleep.co.uk/relaxation/bedtime-stretches/,bedtime stretches,stretches before bed; stretching before sleep; bedtime yoga stretches; stretches to help you sleep,relaxation,3,supporting,2026-09-25,2026-09-25,1284,,,10,https://www.nhs.uk/live-well/exercise/flexibility-exercises/; https://www.nhs.uk/every-mind-matters/mental-wellbeing-tips/how-to-fall-asleep-faster-and-sleep-better/; https://www.sleepfoundation.org/sleep-hygiene/relaxation-exercises-to-help-fall-asleep,draft,no
https://quietmindsleep.co.uk/relaxation/body-scan-for-sleep/,body scan for sleep,body scan meditation for sleep; body scan relaxation; body scan before bed,relaxation,2,supporting,2026-09-25,2026-09-25,1397,,,10,https://www.nhs.uk/mental-health/self-help/tips-and-support/mindfulness/; https://www.mind.org.uk/information-support/tips-for-everyday-living/relaxation/; https://www.nhs.uk/conditions/insomnia/,draft,no
https://quietmindsleep.co.uk/relaxation/box-breathing/,box breathing,box breathing technique; box breathing for sleep; square breathing; 4 4 4 4 breathing,relaxation,3,supporting,2026-09-25,2026-09-25,1084,,,9,https://www.nhs.uk/mental-health/self-help/guides-tools-and-activities/breathing-exercises-for-stress/; https://doi.org/10.3389/fnhum.2018.00353; https://www.nhs.uk/conditions/insomnia/,draft,no
https://quietmindsleep.co.uk/relaxation/breathing-exercises-for-sleep/,breathing exercises for sleep,breathing exercises before bed; breathing techniques for sleep; breathing to fall asleep; deep breathing for sleep,relaxation,1,informational,2026-09-25,2026-09-25,2318,headband-sleep-headphones; sleep-earbuds,sleep-headphones,13,https://www.nhs.uk/mental-health/self-help/guides-tools-and-activities/breathing-exercises-for-stress/; https://www.nhs.uk/conditions/insomnia/; https://doi.org/10.3389/fnhum.2018.00353; https://www.sleepfoundation.org/sleep-hygiene/relaxation-exercises-to-help-fall-asleep,draft,no
https://quietmindsleep.co.uk/relaxation/guided-relaxation-for-sleep/,guided relaxation for sleep,guided sleep relaxation; guided relaxation audio; guided imagery for sleep; sleep talk down,relaxation,3,supporting,2026-09-25,2026-09-25,1619,headband-sleep-headphones; sleep-earbuds,sleep-headphones,11,https://www.nhs.uk/every-mind-matters/mental-wellbeing-tips/how-to-fall-asleep-faster-and-sleep-better/; https://www.nhs.uk/mental-health/self-help/tips-and-support/mindfulness/; https://www.mind.org.uk/information-support/tips-for-everyday-living/relaxation/,draft,no
https://quietmindsleep.co.uk/relaxation/mindfulness-for-sleep/,mindfulness for sleep,mindfulness and sleep; mindfulness before bed; mindful sleep; mindfulness for insomnia,relaxation,2,supporting,2026-09-25,2026-09-25,1273,,,10,https://www.nhs.uk/mental-health/self-help/tips-and-support/mindfulness/; https://doi.org/10.5665/sleep.4010; https://doi.org/10.1111/nyas.13996; https://www.mentalhealth.org.uk/explore-mental-health/a-z-topics/mindfulness,draft,no
https://quietmindsleep.co.uk/relaxation/progressive-muscle-relaxation-for-sleep/,progressive muscle relaxation for sleep,progressive muscle relaxation; PMR for sleep; muscle relaxation before bed; progressive relaxation script,relaxation,1,informational,2026-09-25,2026-09-25,1960,headband-sleep-headphones; sleep-earbuds,sleep-headphones,12,https://www.nhs.uk/conditions/insomnia/; https://doi.org/10.1093/sleep/29.11.1398; https://doi.org/10.1111/jsr.12594; https://www.mind.org.uk/information-support/tips-for-everyday-living/relaxation/,draft,no
https://quietmindsleep.co.uk/relaxation/yoga-nidra-for-sleep/,yoga nidra for sleep,yoga nidra; yoga nidra before bed; yogic sleep; NSDR,relaxation,3,supporting,2026-09-25,2026-09-25,1269,,,10,https://doi.org/10.1007/s12144-020-01042-2; https://www.nhs.uk/mental-health/self-help/tips-and-support/mindfulness/; https://www.nhs.uk/conditions/insomnia/,draft,no
https://quietmindsleep.co.uk/resources/7-night-quiet-mind-sleep-plan/,7 night sleep plan,sleep plan; one week sleep reset; bedtime plan,resources,2,resource,2026-09-25,2026-09-25,1722,,,20,https://www.nhs.uk/conditions/insomnia/; https://www.nhs.uk/every-mind-matters/mental-wellbeing-tips/how-to-fall-asleep-faster-and-sleep-better/; https://cks.nice.org.uk/topics/insomnia/,draft,no
https://quietmindsleep.co.uk/resources/sleep-checklist/,sleep checklist,better sleep checklist; bedtime checklist; sleep audit,resources,3,resource,2026-09-25,2026-09-25,1008,,,26,https://www.nhs.uk/every-mind-matters/mental-wellbeing-tips/how-to-fall-asleep-faster-and-sleep-better/; https://www.nhs.uk/conditions/insomnia/; https://www.sleepfoundation.org/,draft,no
https://quietmindsleep.co.uk/sleep-environment/bedding-and-sleep/,best duvet tog for sleep,what tog duvet for summer; duvet tog guide; best bedding for hot sleepers; bedding for better sleep,sleep-environment,3,supporting,2026-09-25,2026-09-25,1559,summer-tog-duvet; cotton-percale-bedding,bedding,12,https://www.nhs.uk/live-well/sleep-and-tiredness/; https://thesleepcharity.org.uk/; https://www.sleepfoundation.org/,draft,no
https://quietmindsleep.co.uk/sleep-environment/bedroom-lighting-for-sleep/,bedroom lighting for sleep,best lighting for sleep; warm light for sleep; best bedroom light for sleeping; light before bed,sleep-environment,2,supporting,2026-09-25,2026-09-25,1284,,,10,https://www.nhs.uk/every-mind-matters/mental-wellbeing-tips/how-to-fall-asleep-faster-and-sleep-better/; ; https://www.sleepfoundation.org/,draft,no
https://quietmindsleep.co.uk/sleep-environment/bedroom-setup-for-better-sleep/,bedroom setup for sleep,how to set up bedroom for sleep; sleep friendly bedroom; best bedroom for sleep; bedroom environment for sleep,sleep-environment,2,informational,2026-09-25,2026-09-25,1931,contoured-sleep-mask; blackout-blind-no-drill; memory-foam-side-sleeper-pillow,sleep-mask; blackout-curtains; pillow,18,https://www.nhs.uk/every-mind-matters/mental-wellbeing-tips/how-to-fall-asleep-faster-and-sleep-better/; https://www.nhs.uk/conditions/insomnia/; https://thesleepcharity.org.uk/; https://www.sleepfoundation.org/,draft,no
https://quietmindsleep.co.uk/sleep-environment/best-temperature-for-sleep/,best temperature for sleep,best bedroom temperature for sleep; ideal room temperature for sleeping; what temperature should a bedroom be; best temperature to sleep uk,sleep-environment,1,informational,2026-09-25,2026-09-25,1840,gel-cooling-pillow; summer-tog-duvet,cooling-pillow; bedding,11,https://www.nhs.uk/live-well/sleep-and-tiredness/; https://www.frontiersin.org/journals/neuroscience; https://thesleepcharity.org.uk/; https://www.sleepfoundation.org/,draft,no
https://quietmindsleep.co.uk/sleep-environment/earplugs-vs-white-noise/,earplugs vs white noise,white noise or earplugs; earplugs or white noise for sleeping; best way to block noise for sleep,sleep-environment,3,commercial,2026-09-25,2026-09-25,1431,soft-foam-earplugs; reusable-silicone-earplugs; fan-based-white-noise-machine,earplugs; white-noise,10,https://www.nhs.uk/live-well/sleep-and-tiredness/; https://www.sleepfoundation.org/; https://thesleepcharity.org.uk/,draft,no
https://quietmindsleep.co.uk/sleep-environment/how-to-block-out-noise-at-night/,how to block out noise at night,how to block out noise when sleeping; how to sleep with noise; noisy neighbours can't sleep; reduce noise in bedroom,sleep-environment,1,informational,2026-09-25,2026-09-25,2144,soft-foam-earplugs; fan-based-white-noise-machine; headband-sleep-headphones,earplugs; white-noise; sleep-headphones,12,https://www.nhs.uk/live-well/sleep-and-tiredness/; https://www.gov.uk/report-noise-pollution-to-council; https://thesleepcharity.org.uk/; https://www.sleepfoundation.org/,draft,no
https://quietmindsleep.co.uk/sleep-environment/how-to-make-bedroom-darker/,how to make bedroom darker,how to make room darker for sleep; dark bedroom sleep; how to block light in bedroom; bedroom too bright,sleep-environment,1,informational,2026-09-25,2026-09-25,1744,thermal-blackout-curtains; blackout-blind-no-drill; contoured-sleep-mask,sleep-mask; blackout-curtains,11,https://www.nhs.uk/every-mind-matters/mental-wellbeing-tips/how-to-fall-asleep-faster-and-sleep-better/; ; https://www.sleepfoundation.org/; https://thesleepcharity.org.uk/,draft,no
https://quietmindsleep.co.uk/sleep-environment/how-to-sleep-when-its-cold/,how to sleep when it's cold,how to stay warm in bed; cold bedroom sleep; sleeping in a cold room; too cold to sleep,sleep-environment,3,supporting,2026-09-25,2026-09-25,1103,,bedding,8,https://www.nhs.uk/live-well/seasonal-health/keep-warm-keep-well/; https://www.nhs.uk/live-well/sleep-and-tiredness/; ; https://www.electricalsafetyfirst.org.uk/,draft,no
https://quietmindsleep.co.uk/sleep-environment/how-to-sleep-when-its-hot/,how to sleep when it's hot,how to sleep in the heat; how to sleep in hot weather; can't sleep hot weather; how to keep cool at night,sleep-environment,1,informational,2026-09-25,2026-09-25,2134,quiet-bedroom-fan; summer-tog-duvet; gel-cooling-pillow,cooling-pillow; bedding; fan,10,https://www.nhs.uk/live-well/seasonal-health/heatwave-how-to-cope-in-hot-weather/; ; https://www.nhs.uk/live-well/sleep-and-tiredness/; https://thesleepcharity.org.uk/,draft,no
https://quietmindsleep.co.uk/sleep-environment/how-to-sleep-with-a-snoring-partner/,how to sleep with a snoring partner,partner snoring can't sleep; how to block out snoring; sleeping next to a snorer; snoring partner,sleep-environment,2,informational,2026-09-25,2026-09-25,1983,soft-foam-earplugs; fan-based-white-noise-machine; sleep-earbuds,earplugs; white-noise; sleep-headphones,12,https://www.nhs.uk/conditions/snoring/; https://www.nhs.uk/conditions/sleep-apnoea/; https://thesleepcharity.org.uk/; https://www.sleepfoundation.org/,draft,no
https://quietmindsleep.co.uk/sleep-environment/sleep-mask-vs-blackout-curtains/,sleep mask vs blackout curtains,blackout curtains or sleep mask; blackout blinds vs eye mask; best way to block light for sleep,sleep-environment,2,commercial,2026-09-25,2026-09-25,1421,contoured-sleep-mask; thermal-blackout-curtains; blackout-blind-no-drill,sleep-mask; blackout-curtains,8,https://www.nhs.uk/every-mind-matters/mental-wellbeing-tips/how-to-fall-asleep-faster-and-sleep-better/; https://www.sleepfoundation.org/; https://thesleepcharity.org.uk/,draft,no
https://quietmindsleep.co.uk/sleep-habits/alcohol-and-sleep/,alcohol and sleep,does alcohol help you sleep; alcohol before bed; alcohol sleep quality; why do I wake up after drinking,sleep-habits,2,informational,2026-09-25,2026-09-25,1567,,,11,https://www.drinkaware.co.uk/; https://www.nhs.uk/live-well/alcohol-advice/; https://www.sleepfoundation.org/nutrition/alcohol-and-sleep; https://www.nhs.uk/conditions/insomnia/,draft,no
https://quietmindsleep.co.uk/sleep-habits/caffeine-and-sleep/,caffeine and sleep,how late can you drink coffee; caffeine before bed; does caffeine affect sleep; caffeine half life,sleep-habits,2,informational,2026-09-25,2026-09-25,1569,,,9,https://www.nhs.uk/live-well/sleep-and-tiredness/; https://www.sleepfoundation.org/nutrition/caffeine-and-sleep; https://www.nhs.uk/every-mind-matters/mental-wellbeing-tips/how-to-fall-asleep-faster-and-sleep-better/,draft,no
https://quietmindsleep.co.uk/sleep-habits/consistent-sleep-schedule/,consistent sleep schedule,consistent bedtime; regular sleep schedule; same bedtime every night; sleep schedule benefits,sleep-habits,2,supporting,2026-09-25,2026-09-25,1394,,,9,https://www.nhs.uk/live-well/sleep-and-tiredness/; https://www.cdc.gov/sleep/; https://www.sleepfoundation.org/circadian-rhythm; https://academic.oup.com/sleep,draft,no
https://quietmindsleep.co.uk/sleep-habits/eating-before-bed/,eating before bed,is it bad to eat before bed; late night eating sleep; what to eat before bed for sleep; food before bed,sleep-habits,3,supporting,2026-09-25,2026-09-25,1390,,,9,https://www.nhs.uk/conditions/heartburn-and-acid-reflux/; https://www.nhs.uk/live-well/sleep-and-tiredness/; https://www.sleepfoundation.org/nutrition,draft,no
https://quietmindsleep.co.uk/sleep-habits/exercise-and-sleep/,exercise and sleep,does exercise help you sleep; exercising before bed; best time to exercise for sleep; working out at night sleep,sleep-habits,2,informational,2026-09-25,2026-09-25,1586,,,9,https://www.nhs.uk/live-well/exercise/; https://www.sleepfoundation.org/physical-activity/exercise-and-sleep; https://www.nhs.uk/live-well/sleep-and-tiredness/,draft,no
https://quietmindsleep.co.uk/sleep-habits/how-to-fix-your-sleep-schedule/,how to fix your sleep schedule,how to reset sleep schedule; fix sleep pattern; how to fix sleeping pattern; reset body clock,sleep-habits,1,informational,2026-09-25,2026-09-25,2340,contoured-sleep-mask; silk-sleep-mask,sleep-mask,11,https://www.nhs.uk/live-well/sleep-and-tiredness/; https://www.nhs.uk/conditions/insomnia/; https://www.sleepfoundation.org/circadian-rhythm; https://www.cdc.gov/sleep/,draft,no
https://quietmindsleep.co.uk/sleep-habits/morning-routine-for-better-sleep/,morning routine for better sleep,morning habits for sleep; morning light and sleep; wake up at the same time every day; morning routine sleep,sleep-habits,3,supporting,2026-09-25,2026-09-25,1089,,,10,https://www.nhs.uk/live-well/sleep-and-tiredness/; https://www.nhs.uk/every-mind-matters/mental-wellbeing-tips/how-to-fall-asleep-faster-and-sleep-better/; https://www.sleepfoundation.org/circadian-rhythm,draft,no
https://quietmindsleep.co.uk/sleep-habits/napping-and-night-sleep/,do naps affect night sleep,napping and night sleep; how long should a nap be; is napping bad for sleep; power nap,sleep-habits,3,supporting,2026-09-25,2026-09-25,1579,contoured-sleep-mask; silk-sleep-mask,sleep-mask,9,https://www.nhs.uk/live-well/sleep-and-tiredness/; https://www.sleepfoundation.org/sleep-hygiene/napping; https://www.nhs.uk/conditions/insomnia/,draft,no
https://quietmindsleep.co.uk/sleep-habits/screens-before-bed/,screens before bed,phone before bed; blue light and sleep; using phone before bed sleep; screen time before bed,sleep-habits,2,informational,2026-09-25,2026-09-25,1510,,,10,https://www.nhs.uk/every-mind-matters/mental-wellbeing-tips/how-to-fall-asleep-faster-and-sleep-better/; https://www.health.harvard.edu/staying-healthy/blue-light-has-a-dark-side; https://www.sleepfoundation.org/bedroom-environment/blue-light,draft,no
https://quietmindsleep.co.uk/sleep-habits/sleep-hygiene/,sleep hygiene,what is sleep hygiene; sleep hygiene tips; good sleep hygiene; sleep hygiene checklist,sleep-habits,1,informational,2026-09-25,2026-09-25,2345,contoured-sleep-mask; silk-sleep-mask,sleep-mask,14,https://www.nhs.uk/conditions/insomnia/; https://cks.nice.org.uk/topics/insomnia/; https://www.nhs.uk/every-mind-matters/mental-wellbeing-tips/how-to-fall-asleep-faster-and-sleep-better/; https://www.sleepfoundation.org/sleep-hygiene,draft,no
https://quietmindsleep.co.uk/sleep-products/best-blackout-curtains-uk/,best blackout curtains uk,blackout curtains; blackout blinds for bedroom; thermal blackout curtains; blackout curtains for sleep,sleep-products,2,commercial,2026-09-25,2026-09-25,2049,thermal-blackout-curtains; blackout-blind-no-drill,blackout-curtains,8,https://www.nhs.uk/every-mind-matters/mental-wellbeing-tips/how-to-fall-asleep-faster-and-sleep-better/; https://www.nhs.uk/live-well/sleep-and-tiredness/; https://www.sleepfoundation.org/,draft,no
https://quietmindsleep.co.uk/sleep-products/best-cooling-pillows-uk/,best cooling pillow uk,cooling pillow; cooling pillow for hot sleepers; gel pillow uk; pillow for night sweats,sleep-products,3,commercial,2026-09-25,2026-09-25,1682,gel-cooling-pillow; memory-foam-side-sleeper-pillow,cooling-pillow,7,https://www.nhs.uk/live-well/sleep-and-tiredness/; https://www.nhs.uk/conditions/night-sweats/; https://www.sleepfoundation.org/,draft,no
https://quietmindsleep.co.uk/sleep-products/best-earplugs-for-sleeping-uk/,best earplugs for sleeping uk,best earplugs for sleeping; earplugs for sleeping; sleeping earplugs uk; comfortable earplugs for side sleepers,sleep-products,1,commercial,2026-09-25,2026-09-25,2558,soft-foam-earplugs; reusable-silicone-earplugs; mouldable-wax-earplugs,earplugs,9,https://www.nhs.uk/conditions/earwax-build-up/; https://www.nhs.uk/live-well/sleep-and-tiredness/; https://www.sleepfoundation.org/,draft,no
https://quietmindsleep.co.uk/sleep-products/best-pillows-for-side-sleepers-uk/,best pillow for side sleepers uk,best pillow for side sleepers; side sleeper pillow; pillow for side sleeping; firm pillow for side sleepers,sleep-products,2,commercial,2026-09-25,2026-09-25,2046,memory-foam-side-sleeper-pillow; gel-cooling-pillow,pillow,7,https://www.nhs.uk/conditions/back-pain/; https://www.nhs.uk/live-well/sleep-and-tiredness/; https://www.sleepfoundation.org/,draft,no
https://quietmindsleep.co.uk/sleep-products/best-sleep-headphones-uk/,best sleep headphones uk,sleep headphones; headphones for sleeping; sleep headband headphones; best headphones for sleeping,sleep-products,1,commercial,2026-09-25,2026-09-25,2309,headband-sleep-headphones; sleep-earbuds,sleep-headphones,9,https://www.nhs.uk/live-well/sleep-and-tiredness/; https://www.nhs.uk/conditions/hearing-loss/; https://www.sleepfoundation.org/,draft,no
https://quietmindsleep.co.uk/sleep-products/best-sleep-masks-uk/,best sleep mask uk,best sleep mask; best eye mask for sleeping; sleep mask uk; contoured sleep mask,sleep-products,1,commercial,2026-09-25,2026-09-25,2539,contoured-sleep-mask; silk-sleep-mask; weighted-sleep-mask,sleep-mask,9,https://www.nhs.uk/every-mind-matters/mental-wellbeing-tips/how-to-fall-asleep-faster-and-sleep-better/; https://www.nhs.uk/live-well/sleep-and-tiredness/; https://www.sleepfoundation.org/,draft,no
https://quietmindsleep.co.uk/sleep-products/best-white-noise-machines-uk/,best white noise machine uk,white noise machine; white noise machine for adults; sound machine for sleep uk; best sound machine for sleep,sleep-products,1,commercial,2026-09-25,2026-09-25,2548,fan-based-white-noise-machine; digital-sound-machine; portable-sound-machine,white-noise,9,https://www.nhs.uk/live-well/sleep-and-tiredness/; https://www.nhs.uk/every-mind-matters/mental-wellbeing-tips/how-to-fall-asleep-faster-and-sleep-better/; https://www.sleepfoundation.org/,draft,no
https://quietmindsleep.co.uk/sleep-products/how-to-choose-a-white-noise-machine/,how to choose a white noise machine,white noise machine features; what to look for in a sound machine; white noise machine vs app; fan vs white noise machine,sleep-products,3,supporting,2026-09-25,2026-09-25,1269,fan-based-white-noise-machine; digital-sound-machine; portable-sound-machine,white-noise,9,https://www.nhs.uk/live-well/sleep-and-tiredness/; https://www.lullabytrust.org.uk/; https://www.sleepfoundation.org/,draft,no
https://quietmindsleep.co.uk/sleep-products/mattress-buying-guide-uk/,how to choose a mattress uk,mattress buying guide; what mattress should I buy; mattress firmness guide; memory foam vs pocket sprung,sleep-products,2,commercial,2026-09-25,2026-09-25,1991,,mattress,5,https://www.nhs.uk/conditions/back-pain/; https://www.nhs.uk/live-well/sleep-and-tiredness/; https://www.sleepfoundation.org/,draft,no
https://quietmindsleep.co.uk/sleep-products/types-of-earplugs-for-sleep/,types of earplugs for sleeping,foam vs silicone earplugs; wax earplugs for sleeping; reusable earplugs for sleep; earplugs for side sleepers,sleep-products,3,supporting,2026-09-25,2026-09-25,1219,soft-foam-earplugs; reusable-silicone-earplugs; mouldable-wax-earplugs,earplugs,7,https://www.nhs.uk/conditions/earwax-build-up/; https://www.nhs.uk/live-well/sleep-and-tiredness/,draft,no
https://quietmindsleep.co.uk/sleep-products/types-of-sleep-headphones/,types of sleep headphones,sleep headband vs earbuds; bone conduction headphones for sleep; sleep headphones for side sleepers,sleep-products,3,supporting,2026-09-25,2026-09-25,1176,headband-sleep-headphones; sleep-earbuds,sleep-headphones,8,https://www.nhs.uk/conditions/hearing-loss/; https://www.nhs.uk/live-well/sleep-and-tiredness/,draft,no
https://quietmindsleep.co.uk/sleep-products/weighted-blankets-guide/,weighted blanket for sleep,do weighted blankets work; weighted blanket benefits; best weighted blanket uk; weighted blanket weight guide,sleep-products,2,commercial,2026-09-25,2026-09-25,1927,weighted-blanket,weighted-blanket,8,https://www.nhs.uk/conditions/insomnia/; https://www.nhs.uk/live-well/sleep-and-tiredness/; https://www.sleepfoundation.org/,draft,no
https://quietmindsleep.co.uk/sleep-questions/can-you-catch-up-on-sleep/,can you catch up on sleep,sleep debt; catching up on sleep at the weekend; how to recover from lack of sleep; can you make up lost sleep,sleep-questions,2,informational,2026-09-25,2026-09-25,1224,,,10,https://www.nhs.uk/live-well/sleep-and-tiredness/; https://www.sleepfoundation.org/; https://www.cdc.gov/sleep/,draft,no
https://quietmindsleep.co.uk/sleep-questions/does-a-sleep-mask-help-you-sleep/,does a sleep mask help you sleep,do sleep masks work; are sleep masks good for you; benefits of sleep mask; sleep mask benefits,sleep-questions,2,supporting,2026-09-25,2026-09-25,1156,contoured-sleep-mask; silk-sleep-mask,sleep-mask,7,https://www.nhs.uk/every-mind-matters/mental-wellbeing-tips/how-to-fall-asleep-faster-and-sleep-better/; https://www.sleepfoundation.org/; https://www.cdc.gov/sleep/,draft,no
https://quietmindsleep.co.uk/sleep-questions/does-reading-before-bed-help-you-sleep/,does reading before bed help you sleep,reading before bed; reading in bed sleep; is reading before bed good; books before bed,sleep-questions,3,supporting,2026-09-25,2026-09-25,1012,,,8,https://www.nhs.uk/every-mind-matters/mental-wellbeing-tips/how-to-fall-asleep-faster-and-sleep-better/; https://www.sleepfoundation.org/; https://thesleepcharity.org.uk/,draft,no
https://quietmindsleep.co.uk/sleep-questions/how-much-sleep-do-adults-need/,how much sleep do adults need,how many hours of sleep do I need; how much sleep do I need; recommended sleep for adults; is 6 hours of sleep enough,sleep-questions,1,informational,2026-09-25,2026-09-25,1289,,,7,https://www.nhs.uk/live-well/sleep-and-tiredness/; https://www.sleepfoundation.org/; https://www.cdc.gov/sleep/,draft,no
https://quietmindsleep.co.uk/sleep-questions/is-it-bad-to-sleep-with-the-light-on/,is it bad to sleep with the light on,sleeping with the light on; sleeping with lights on bad; light on while sleeping; sleeping with a night light,sleep-questions,3,supporting,2026-09-25,2026-09-25,1050,contoured-sleep-mask,sleep-mask,7,https://www.sleepfoundation.org/; https://www.cdc.gov/sleep/; https://www.nhs.uk/every-mind-matters/mental-wellbeing-tips/how-to-fall-asleep-faster-and-sleep-better/,draft,no
https://quietmindsleep.co.uk/sleep-questions/is-it-ok-to-sleep-with-earplugs-every-night/,is it ok to sleep with earplugs every night,sleeping with earplugs every night; are earplugs bad for your ears; earplugs every night; wearing earplugs to sleep,sleep-questions,3,supporting,2026-09-25,2026-09-25,1427,reusable-silicone-earplugs; soft-foam-earplugs; mouldable-wax-earplugs,earplugs,8,https://www.nhs.uk/conditions/earwax-build-up/; https://www.nhs.uk/live-well/sleep-and-tiredness/; https://www.sleepfoundation.org/,draft,no
https://quietmindsleep.co.uk/sleep-questions/when-to-see-a-gp-about-sleep/,when to see a doctor about insomnia,when to see a gp about sleep; see a doctor for sleep problems; insomnia gp uk; sleep problems nhs,sleep-questions,2,informational,2026-09-25,2026-09-25,1414,,,8,https://www.nhs.uk/conditions/insomnia/; https://cks.nice.org.uk/topics/insomnia/; https://www.nice.org.uk/guidance/mtg70; https://www.nhs.uk/conditions/sleep-apnoea/; https://www.samaritans.org/,draft,no
https://quietmindsleep.co.uk/sleep-questions/why-am-i-tired-but-cant-sleep/,tired but can't sleep,why am I tired but can't sleep; exhausted but can't sleep; tired but wired; so tired but can't fall asleep,sleep-questions,1,informational,2026-09-25,2026-09-25,1441,,,12,https://www.nhs.uk/conditions/insomnia/; https://www.nhs.uk/every-mind-matters/mental-wellbeing-tips/how-to-fall-asleep-faster-and-sleep-better/; https://www.sleepfoundation.org/; https://www.rcpsych.ac.uk/,draft,no
https://quietmindsleep.co.uk/sleep-questions/why-cant-i-sleep/,why can't I sleep,why can't I sleep at night; why can't I sleep even though I'm tired; reasons you can't sleep; cant sleep,sleep-questions,1,informational,2026-09-25,2026-09-25,1865,,,15,https://www.nhs.uk/conditions/insomnia/; https://www.nhs.uk/live-well/sleep-and-tiredness/; https://cks.nice.org.uk/topics/insomnia/; https://www.mentalhealth.org.uk/,draft,no
https://quietmindsleep.co.uk/sleep-questions/why-do-i-get-a-second-wind-at-night/,second wind at night,why do I get a second wind at night; second wind before bed; sudden energy at night; wide awake at bedtime,sleep-questions,3,supporting,2026-09-25,2026-09-25,1111,,,8,https://www.sleepfoundation.org/; https://www.nhs.uk/live-well/sleep-and-tiredness/; https://www.cdc.gov/sleep/,draft,no
https://quietmindsleep.co.uk/sleep-sounds/brown-noise-for-sleep/,brown noise for sleep,brown noise; is brown noise good for sleep; brown noise sleep; what is brown noise,sleep-sounds,1,informational,2026-09-25,2026-09-25,1867,digital-sound-machine; headband-sleep-headphones,white-noise; sleep-headphones,11,https://www.nhs.uk/conditions/insomnia/; https://www.nhs.uk/every-mind-matters/mental-wellbeing-tips/how-to-fall-asleep-faster-and-sleep-better/; https://doi.org/10.1016/j.smrv.2020.101385; https://www.nhs.uk/conditions/hearing-loss/,draft,no
https://quietmindsleep.co.uk/sleep-sounds/brown-noise-vs-white-noise/,brown noise vs white noise,white noise vs brown noise; brown or white noise for sleep; difference between brown and white noise,sleep-sounds,1,commercial,2026-09-25,2026-09-25,1893,digital-sound-machine; fan-based-white-noise-machine; headband-sleep-headphones,white-noise; sleep-headphones,9,https://doi.org/10.1016/j.smrv.2020.101385; https://www.nhs.uk/every-mind-matters/mental-wellbeing-tips/how-to-fall-asleep-faster-and-sleep-better/; https://www.nhs.uk/conditions/hearing-loss/,draft,no
https://quietmindsleep.co.uk/sleep-sounds/calming-sounds-for-anxiety-at-night/,calming sounds for anxiety,relaxing sounds for anxiety; sounds to calm anxiety at night; soothing sounds for sleep anxiety,sleep-sounds,3,supporting,2026-09-25,2026-09-25,1440,headband-sleep-headphones; sleep-earbuds,sleep-headphones,13,https://www.nhs.uk/mental-health/feelings-symptoms-behaviours/feelings-and-symptoms/anxiety-fear-panic/; https://www.mind.org.uk/information-support/types-of-mental-health-problems/sleep-problems/; https://www.nhs.uk/every-mind-matters/mental-wellbeing-tips/how-to-fall-asleep-faster-and-sleep-better/; https://www.nhs.uk/conditions/insomnia/,draft,no
https://quietmindsleep.co.uk/sleep-sounds/is-it-bad-to-sleep-with-white-noise-on/,is it bad to sleep with white noise,sleeping with white noise all night; white noise every night; is white noise bad for you; white noise dependency,sleep-sounds,3,supporting,2026-09-25,2026-09-25,1456,digital-sound-machine; fan-based-white-noise-machine,white-noise,13,https://www.nhs.uk/conditions/hearing-loss/; https://www.nhs.uk/conditions/baby/caring-for-a-newborn/reduce-the-risk-of-sudden-infant-death-syndrome/; https://doi.org/10.1542/peds.2013-3617; https://doi.org/10.1016/j.smrv.2020.101385,draft,no
https://quietmindsleep.co.uk/sleep-sounds/nature-sounds-for-sleep/,nature sounds for sleep,nature sounds sleeping; forest sounds for sleep; calming nature sounds; sleep sounds,sleep-sounds,3,supporting,2026-09-25,2026-09-25,1369,digital-sound-machine,white-noise,10,https://www.nhs.uk/every-mind-matters/mental-wellbeing-tips/how-to-fall-asleep-faster-and-sleep-better/; https://doi.org/10.1016/j.smrv.2020.101385; https://www.nhs.uk/conditions/hearing-loss/,draft,no
https://quietmindsleep.co.uk/sleep-sounds/ocean-sounds-for-sleep/,ocean sounds for sleep,ocean waves for sleep; sea sounds for sleep; wave sounds sleep,sleep-sounds,3,supporting,2026-09-25,2026-09-25,1213,digital-sound-machine; portable-sound-machine,white-noise,10,https://www.nhs.uk/every-mind-matters/mental-wellbeing-tips/how-to-fall-asleep-faster-and-sleep-better/; https://doi.org/10.1016/j.smrv.2020.101385; https://www.nhs.uk/conditions/hearing-loss/,draft,no
https://quietmindsleep.co.uk/sleep-sounds/pink-noise-for-sleep/,pink noise for sleep,pink noise; what is pink noise; pink noise sleep; pink noise vs white noise,sleep-sounds,2,informational,2026-09-25,2026-09-25,1370,digital-sound-machine,white-noise,10,https://www.nhs.uk/every-mind-matters/mental-wellbeing-tips/how-to-fall-asleep-faster-and-sleep-better/; https://doi.org/10.1016/j.neuron.2013.03.006; https://doi.org/10.3389/fnhum.2017.00109; https://doi.org/10.1016/j.smrv.2020.101385,draft,no
https://quietmindsleep.co.uk/sleep-sounds/pink-noise-vs-white-noise/,pink noise vs white noise,white noise vs pink noise; pink or white noise for sleep; difference between pink and white noise,sleep-sounds,3,commercial,2026-09-25,2026-09-25,1352,digital-sound-machine; fan-based-white-noise-machine,white-noise,8,https://doi.org/10.1016/j.smrv.2020.101385; https://doi.org/10.3389/fnhum.2017.00109; https://www.nhs.uk/every-mind-matters/mental-wellbeing-tips/how-to-fall-asleep-faster-and-sleep-better/,draft,no
https://quietmindsleep.co.uk/sleep-sounds/rain-sounds-for-sleep/,rain sounds for sleep,rain sounds; rain sounds sleeping; sleep to rain sounds; rain noise for sleep,sleep-sounds,2,supporting,2026-09-25,2026-09-25,1383,portable-sound-machine; headband-sleep-headphones,white-noise; sleep-headphones,9,https://www.nhs.uk/every-mind-matters/mental-wellbeing-tips/how-to-fall-asleep-faster-and-sleep-better/; https://doi.org/10.1016/j.smrv.2020.101385; https://www.nhs.uk/conditions/hearing-loss/,draft,no
https://quietmindsleep.co.uk/sleep-sounds/white-noise-for-sleep/,white noise for sleep,white noise; does white noise help you sleep; white noise sleep; white noise benefits,sleep-sounds,1,informational,2026-09-25,2026-09-25,1996,fan-based-white-noise-machine; digital-sound-machine; portable-sound-machine,white-noise,11,https://www.nhs.uk/conditions/insomnia/; https://doi.org/10.1016/j.smrv.2020.101385; https://doi.org/10.1016/j.sleep.2021.03.031; https://www.nhs.uk/conditions/hearing-loss/,draft,no
https://quietmindsleep.co.uk/waking-at-night/cant-get-back-to-sleep/,can't get back to sleep,how to get back to sleep; how to fall back asleep; woke up and can't get back to sleep,waking-at-night,1,informational,2026-09-25,2026-09-25,1683,headband-sleep-headphones,sleep-headphones,13,https://www.nhs.uk/conditions/insomnia/; https://www.nhs.uk/every-mind-matters/mental-wellbeing-tips/how-to-fall-asleep-faster-and-sleep-better/; https://cks.nice.org.uk/topics/insomnia/,draft,no
https://quietmindsleep.co.uk/waking-at-night/light-sleeper/,light sleeper,how to stop being a light sleeper; light sleeper tips; wake up at every noise; how to sleep more deeply,waking-at-night,2,informational,2026-09-25,2026-09-25,1994,reusable-silicone-earplugs; digital-sound-machine; silk-sleep-mask,earplugs; white-noise; sleep-mask,14,https://www.sleepfoundation.org/stages-of-sleep; https://www.nhs.uk/conditions/insomnia/; https://www.nhs.uk/live-well/sleep-and-tiredness/,draft,no
https://quietmindsleep.co.uk/waking-at-night/should-i-get-up-if-i-cant-sleep/,should I get up if I can't sleep,get out of bed if you can't sleep; 20 minute rule sleep; stimulus control; stay in bed or get up,waking-at-night,2,supporting,2026-09-25,2026-09-25,1605,,,11,https://www.nhs.uk/conditions/insomnia/; https://cks.nice.org.uk/topics/insomnia/; https://www.nhs.uk/every-mind-matters/mental-wellbeing-tips/how-to-fall-asleep-faster-and-sleep-better/,draft,no
https://quietmindsleep.co.uk/waking-at-night/waking-up-at-3am/,waking up at 3am,why do I wake up at 3am; waking at 3am every night; wake up at 3am can't get back to sleep; 3am waking,waking-at-night,1,informational,2026-09-25,2026-09-25,2512,soft-foam-earplugs; contoured-sleep-mask,sleep-mask; earplugs,12,https://www.nhs.uk/conditions/insomnia/; https://www.sleepfoundation.org/stages-of-sleep; https://www.drinkaware.co.uk/; https://www.nhs.uk/live-well/sleep-and-tiredness/,draft,no
https://quietmindsleep.co.uk/waking-at-night/waking-up-hot-at-night/,waking up hot at night,waking up sweating at night; too hot to sleep waking up; overheating at night,waking-at-night,3,supporting,2026-09-25,2026-09-25,1868,gel-cooling-pillow; summer-tog-duvet,cooling-pillow; bedding,14,https://www.nhs.uk/conditions/night-sweats/; https://www.nhs.uk/conditions/menopause/; https://www.sleepfoundation.org/bedroom-environment/best-temperature-for-sleep,draft,no
https://quietmindsleep.co.uk/waking-at-night/waking-up-in-the-middle-of-the-night/,waking up in the middle of the night,why do I keep waking up at night; waking up during the night; waking up every night; sleep maintenance insomnia,waking-at-night,1,informational,2026-09-25,2026-09-25,2324,soft-foam-earplugs; fan-based-white-noise-machine,earplugs; white-noise,14,https://www.nhs.uk/conditions/insomnia/; https://www.nhs.uk/conditions/sleep-apnoea/; https://cks.nice.org.uk/topics/insomnia/; https://www.sleepfoundation.org/insomnia/treatment/cognitive-behavioral-therapy-insomnia,draft,no
https://quietmindsleep.co.uk/waking-at-night/waking-up-too-early/,waking up too early,waking up too early in the morning; early morning waking; why do I wake up so early; waking at 5am,waking-at-night,2,informational,2026-09-25,2026-09-25,1976,thermal-blackout-curtains; contoured-sleep-mask,sleep-mask; blackout-curtains,14,https://www.nhs.uk/conditions/insomnia/; https://www.nhs.uk/mental-health/conditions/depression-in-adults/; https://www.nhs.uk/live-well/sleep-and-tiredness/; https://www.mind.org.uk/information-support/types-of-mental-health-problems/sleep-problems/,draft,no
https://quietmindsleep.co.uk/waking-at-night/waking-up-with-anxiety/,waking up with anxiety,waking up anxious in the middle of the night; waking up with a racing heart; night time panic waking,waking-at-night,2,supporting,2026-09-25,2026-09-25,1613,,,13,https://www.nhs.uk/mental-health/conditions/panic-disorder/; https://www.mind.org.uk/information-support/types-of-mental-health-problems/anxiety-and-panic-attacks/; https://www.nhs.uk/conditions/insomnia/,draft,no
https://quietmindsleep.co.uk/waking-at-night/why-do-i-wake-up-at-the-same-time-every-night/,why do I wake up at the same time every night,waking up at the same time every night; wake up same time each night; waking at 2am every night,waking-at-night,3,supporting,2026-09-25,2026-09-25,1383,,,10,https://www.nhs.uk/conditions/insomnia/; https://www.sleepfoundation.org/stages-of-sleep; https://www.nhs.uk/live-well/sleep-and-tiredness/,draft,no
