url,status,note,pageCount,pages
https://quietmindsleep.co.uk/404.html,200,,1,/404.html
https://quietmindsleep.co.uk/about/,200,,1,/about/
https://quietmindsleep.co.uk/affiliate-disclosure/,200,,1,/affiliate-disclosure/
https://quietmindsleep.co.uk/contact/,200,,1,/contact/
https://quietmindsleep.co.uk/cookie-policy/,200,,1,/cookie-policy/
https://quietmindsleep.co.uk/corrections/,200,,1,/corrections/
https://quietmindsleep.co.uk/editorial-policy/,200,,1,/editorial-policy/
https://quietmindsleep.co.uk/falling-asleep/bedtime-routine-for-adults/,200,,1,/falling-asleep/bedtime-routine-for-adults/
https://www.amazon.co.uk/dp/B0C7GPGR19/?tag=kleantouch-21,200,,8,/falling-asleep/bedtime-routine-for-adults/; /falling-asleep/cant-sleep-before-a-big-day/; /sleep-habits/how-to-fix-your-sleep-schedule/; /sleep-habits/napping-and-night-sleep/; /sleep-habits/sleep-hygiene/
https://www.amazon.co.uk/dp/B0CW99YJHZ/?tag=kleantouch-21,200,,4,/falling-asleep/bedtime-routine-for-adults/; /quiet-the-mind/how-to-calm-your-mind-before-bed/; /relaxation/bedtime-relaxation-techniques/; /sleep-products/weighted-blankets-guide/
https://www.nhs.uk/every-mind-matters/mental-wellbeing-tips/how-to-fall-asleep-faster-and-sleep-better/,200,,43,/falling-asleep/bedtime-routine-for-adults/; /falling-asleep/cant-sleep-before-a-big-day/; /falling-asleep/how-to-fall-asleep-faster/; /falling-asleep/how-to-sleep-when-not-tired/; /falling-asleep/military-sleep-method/
https://www.sleepfoundation.org/sleep-hygiene,200,,10,/falling-asleep/bedtime-routine-for-adults/; /falling-asleep/cant-sleep-before-a-big-day/; /falling-asleep/how-to-fall-asleep-faster/; /falling-asleep/how-to-sleep-when-not-tired/; /falling-asleep/military-sleep-method/
https://thesleepcharity.org.uk/,200,,11,/falling-asleep/bedtime-routine-for-adults/; /sleep-environment/bedding-and-sleep/; /sleep-environment/bedroom-setup-for-better-sleep/; /sleep-environment/best-temperature-for-sleep/; /sleep-environment/earplugs-vs-white-noise/
https://quietmindsleep.co.uk/falling-asleep/cant-sleep-before-a-big-day/,200,,1,/falling-asleep/cant-sleep-before-a-big-day/
https://www.mentalhealth.org.uk/,200,,3,/falling-asleep/cant-sleep-before-a-big-day/; /quiet-the-mind/how-to-calm-your-mind-before-bed/; /sleep-questions/why-cant-i-sleep/
https://quietmindsleep.co.uk/falling-asleep/difficulty-falling-asleep/,200,,1,/falling-asleep/difficulty-falling-asleep/
https://www.nhs.uk/conditions/insomnia/,200,,39,/falling-asleep/difficulty-falling-asleep/; /falling-asleep/how-long-should-it-take-to-fall-asleep/; /falling-asleep/how-to-fall-asleep-faster/; /falling-asleep/what-to-do-when-you-cant-sleep/; /quiet-the-mind/cognitive-shuffling/
https://cks.nice.org.uk/topics/insomnia/,403,blocked for automated clients; verify manually (usually fine),12,/falling-asleep/difficulty-falling-asleep/; /falling-asleep/how-to-fall-asleep-faster/; /falling-asleep/what-to-do-when-you-cant-sleep/; /quiet-the-mind/racing-thoughts-at-night/; /quiet-the-mind/sleep-anxiety/
https://www.mind.org.uk/information-support/types-of-mental-health-problems/sleep-problems/,403,blocked for automated clients; verify manually (usually fine),7,/falling-asleep/difficulty-falling-asleep/; /quiet-the-mind/cognitive-shuffling/; /quiet-the-mind/how-to-stop-overthinking-at-night/; /quiet-the-mind/racing-thoughts-at-night/; /quiet-the-mind/sleep-anxiety/
https://quietmindsleep.co.uk/falling-asleep/how-long-should-it-take-to-fall-asleep/,200,,1,/falling-asleep/how-long-should-it-take-to-fall-asleep/
https://www.sleepfoundation.org/sleep-faqs/how-long-should-it-take-to-fall-asleep,200,,1,/falling-asleep/how-long-should-it-take-to-fall-asleep/
https://quietmindsleep.co.uk/falling-asleep/how-to-fall-asleep-faster/,200,,1,/falling-asleep/how-to-fall-asleep-faster/
https://www.amazon.co.uk/dp/B07PRG2CQY/?tag=kleantouch-21,200,,12,/falling-asleep/how-to-fall-asleep-faster/; /sleep-environment/bedroom-setup-for-better-sleep/; /sleep-environment/how-to-make-bedroom-darker/; /sleep-environment/sleep-mask-vs-blackout-curtains/; /sleep-habits/how-to-fix-your-sleep-schedule/
https://www.amazon.co.uk/dp/B07RJTW7DB/?tag=kleantouch-21,200,,12,/falling-asleep/how-to-fall-asleep-faster/; /quiet-the-mind/cant-switch-off-at-night/; /sleep-environment/earplugs-vs-white-noise/; /sleep-environment/how-to-block-out-noise-at-night/; /sleep-environment/how-to-sleep-with-a-snoring-partner/
https://quietmindsleep.co.uk/falling-asleep/how-to-sleep-when-not-tired/,200,,1,/falling-asleep/how-to-sleep-when-not-tired/
https://www.cdc.gov/sleep/,403,blocked for automated clients; verify manually (usually fine),8,/falling-asleep/how-to-sleep-when-not-tired/; /sleep-habits/consistent-sleep-schedule/; /sleep-habits/how-to-fix-your-sleep-schedule/; /sleep-questions/can-you-catch-up-on-sleep/; /sleep-questions/does-a-sleep-mask-help-you-sleep/
https://quietmindsleep.co.uk/falling-asleep/,200,,1,/falling-asleep/
https://quietmindsleep.co.uk/falling-asleep/military-sleep-method/,200,,1,/falling-asleep/military-sleep-method/
https://quietmindsleep.co.uk/falling-asleep/things-to-do-before-bed/,200,,1,/falling-asleep/things-to-do-before-bed/
https://www.amazon.co.uk/dp/B0CLGTSMCF/?tag=kleantouch-21,200,,18,/falling-asleep/things-to-do-before-bed/; /falling-asleep/what-to-do-when-you-cant-sleep/; /quiet-the-mind/how-to-calm-your-mind-before-bed/; /quiet-the-mind/how-to-stop-overthinking-at-night/; /quiet-the-mind/racing-thoughts-at-night/
https://www.sleepfoundation.org/nutrition/alcohol-and-sleep,200,,2,/falling-asleep/things-to-do-before-bed/; /sleep-habits/alcohol-and-sleep/
https://www.nhs.uk/live-well/sleep-and-tiredness/,200,,38,/falling-asleep/things-to-do-before-bed/; /quiet-the-mind/cant-switch-off-at-night/; /quiet-the-mind/how-to-calm-your-mind-before-bed/; /quiet-the-mind/sunday-night-insomnia/; /sleep-environment/bedding-and-sleep/
https://quietmindsleep.co.uk/falling-asleep/what-to-do-when-you-cant-sleep/,200,,1,/falling-asleep/what-to-do-when-you-cant-sleep/
https://quietmindsleep.co.uk/health-disclaimer/,200,,1,/health-disclaimer/
https://quietmindsleep.co.uk/,200,,1,/
https://quietmindsleep.co.uk/privacy-policy/,200,,1,/privacy-policy/
https://quietmindsleep.co.uk/quiet-the-mind/anxiety-at-night/,200,,1,/quiet-the-mind/anxiety-at-night/
https://www.nhs.uk/every-mind-matters/mental-health-issues/anxiety/,200,,1,/quiet-the-mind/anxiety-at-night/
https://www.mind.org.uk/information-support/types-of-mental-health-problems/anxiety-and-panic-attacks/,403,blocked for automated clients; verify manually (usually fine),2,/quiet-the-mind/anxiety-at-night/; /waking-at-night/waking-up-with-anxiety/
https://www.nhs.uk/mental-health/talking-therapies-medicine-treatments/talking-therapies-and-counselling/nhs-talking-therapies/,200,,1,/quiet-the-mind/anxiety-at-night/
https://www.sleepfoundation.org/mental-health/anxiety-and-sleep,200,,1,/quiet-the-mind/anxiety-at-night/
https://quietmindsleep.co.uk/quiet-the-mind/cant-switch-off-at-night/,200,,1,/quiet-the-mind/cant-switch-off-at-night/
https://quietmindsleep.co.uk/quiet-the-mind/cognitive-shuffling/,200,,1,/quiet-the-mind/cognitive-shuffling/
https://quietmindsleep.co.uk/quiet-the-mind/how-to-calm-your-mind-before-bed/,200,,1,/quiet-the-mind/how-to-calm-your-mind-before-bed/
https://quietmindsleep.co.uk/quiet-the-mind/how-to-stop-overthinking-at-night/,200,,1,/quiet-the-mind/how-to-stop-overthinking-at-night/
https://www.amazon.co.uk/dp/B0CRGR2TS5/?tag=kleantouch-21,200,,9,/quiet-the-mind/how-to-stop-overthinking-at-night/; /relaxation/bedtime-meditation-for-sleep/; /relaxation/breathing-exercises-for-sleep/; /relaxation/guided-relaxation-for-sleep/; /relaxation/progressive-muscle-relaxation-for-sleep/
https://www.sleepfoundation.org/insomnia/treatment/cognitive-behavioral-therapy-insomnia,200,,4,/quiet-the-mind/how-to-stop-overthinking-at-night/; /quiet-the-mind/sleep-anxiety/; /quiet-the-mind/worry-list-before-bed/; /waking-at-night/waking-up-in-the-middle-of-the-night/
https://quietmindsleep.co.uk/quiet-the-mind/,200,,1,/quiet-the-mind/
https://quietmindsleep.co.uk/quiet-the-mind/racing-thoughts-at-night/,200,,1,/quiet-the-mind/racing-thoughts-at-night/
https://www.amazon.co.uk/dp/B019GAFJEG/?tag=kleantouch-21,200,,12,/quiet-the-mind/racing-thoughts-at-night/; /sleep-products/best-white-noise-machines-uk/; /sleep-products/how-to-choose-a-white-noise-machine/; /sleep-sounds/brown-noise-for-sleep/; /sleep-sounds/brown-noise-vs-white-noise/
https://quietmindsleep.co.uk/quiet-the-mind/sleep-anxiety/,200,,1,/quiet-the-mind/sleep-anxiety/
https://quietmindsleep.co.uk/quiet-the-mind/sunday-night-insomnia/,200,,1,/quiet-the-mind/sunday-night-insomnia/
https://www.sleepfoundation.org/circadian-rhythm,200,,4,/quiet-the-mind/sunday-night-insomnia/; /sleep-habits/consistent-sleep-schedule/; /sleep-habits/how-to-fix-your-sleep-schedule/; /sleep-habits/morning-routine-for-better-sleep/
https://quietmindsleep.co.uk/quiet-the-mind/worry-list-before-bed/,200,,1,/quiet-the-mind/worry-list-before-bed/
https://quietmindsleep.co.uk/relaxation/4-7-8-breathing/,200,,1,/relaxation/4-7-8-breathing/
https://www.nhs.uk/mental-health/self-help/guides-tools-and-activities/breathing-exercises-for-stress/,200,,3,/relaxation/4-7-8-breathing/; /relaxation/box-breathing/; /relaxation/breathing-exercises-for-sleep/
https://doi.org/10.3389/fnhum.2018.00353,200,,3,/relaxation/4-7-8-breathing/; /relaxation/box-breathing/; /relaxation/breathing-exercises-for-sleep/
https://quietmindsleep.co.uk/relaxation/bedtime-meditation-for-sleep/,200,,1,/relaxation/bedtime-meditation-for-sleep/
https://www.nhs.uk/mental-health/self-help/tips-and-support/mindfulness/,200,,5,/relaxation/bedtime-meditation-for-sleep/; /relaxation/body-scan-for-sleep/; /relaxation/guided-relaxation-for-sleep/; /relaxation/mindfulness-for-sleep/; /relaxation/yoga-nidra-for-sleep/
https://doi.org/10.1111/nyas.13996,403,blocked for automated clients; verify manually (usually fine),2,/relaxation/bedtime-meditation-for-sleep/; /relaxation/mindfulness-for-sleep/
https://doi.org/10.1001/jamainternmed.2014.8081,403,blocked for automated clients; verify manually (usually fine),1,/relaxation/bedtime-meditation-for-sleep/
https://quietmindsleep.co.uk/relaxation/bedtime-relaxation-techniques/,200,,1,/relaxation/bedtime-relaxation-techniques/
https://doi.org/10.1111/jsr.12594,403,blocked for automated clients; verify manually (usually fine),2,/relaxation/bedtime-relaxation-techniques/; /relaxation/progressive-muscle-relaxation-for-sleep/
https://www.sleepfoundation.org/sleep-hygiene/relaxation-exercises-to-help-fall-asleep,200,,3,/relaxation/bedtime-relaxation-techniques/; /relaxation/bedtime-stretches/; /relaxation/breathing-exercises-for-sleep/
https://www.mind.org.uk/information-support/tips-for-everyday-living/relaxation/,403,blocked for automated clients; verify manually (usually fine),4,/relaxation/bedtime-relaxation-techniques/; /relaxation/body-scan-for-sleep/; /relaxation/guided-relaxation-for-sleep/; /relaxation/progressive-muscle-relaxation-for-sleep/
https://quietmindsleep.co.uk/relaxation/bedtime-stretches/,200,,1,/relaxation/bedtime-stretches/
https://www.nhs.uk/live-well/exercise/flexibility-exercises/,200,,1,/relaxation/bedtime-stretches/
https://quietmindsleep.co.uk/relaxation/body-scan-for-sleep/,200,,1,/relaxation/body-scan-for-sleep/
https://quietmindsleep.co.uk/relaxation/box-breathing/,200,,1,/relaxation/box-breathing/
https://quietmindsleep.co.uk/relaxation/breathing-exercises-for-sleep/,200,,1,/relaxation/breathing-exercises-for-sleep/
https://quietmindsleep.co.uk/relaxation/guided-relaxation-for-sleep/,200,,1,/relaxation/guided-relaxation-for-sleep/
https://quietmindsleep.co.uk/relaxation/,200,,1,/relaxation/
https://quietmindsleep.co.uk/relaxation/mindfulness-for-sleep/,200,,1,/relaxation/mindfulness-for-sleep/
https://doi.org/10.5665/sleep.4010,403,blocked for automated clients; verify manually (usually fine),1,/relaxation/mindfulness-for-sleep/
https://www.mentalhealth.org.uk/explore-mental-health/a-z-topics/mindfulness,200,,1,/relaxation/mindfulness-for-sleep/
https://quietmindsleep.co.uk/relaxation/progressive-muscle-relaxation-for-sleep/,200,,1,/relaxation/progressive-muscle-relaxation-for-sleep/
https://doi.org/10.1093/sleep/29.11.1398,403,blocked for automated clients; verify manually (usually fine),1,/relaxation/progressive-muscle-relaxation-for-sleep/
https://quietmindsleep.co.uk/relaxation/yoga-nidra-for-sleep/,200,,1,/relaxation/yoga-nidra-for-sleep/
https://doi.org/10.1007/s12144-020-01042-2,200,,1,/relaxation/yoga-nidra-for-sleep/
https://quietmindsleep.co.uk/resources/7-night-quiet-mind-sleep-plan/,200,,1,/resources/7-night-quiet-mind-sleep-plan/
https://quietmindsleep.co.uk/resources/,200,,1,/resources/
https://quietmindsleep.co.uk/resources/sleep-checklist/,200,,1,/resources/sleep-checklist/
https://www.sleepfoundation.org/,200,,28,/resources/sleep-checklist/; /sleep-environment/bedding-and-sleep/; /sleep-environment/bedroom-lighting-for-sleep/; /sleep-environment/bedroom-setup-for-better-sleep/; /sleep-environment/best-temperature-for-sleep/
https://quietmindsleep.co.uk/search/,200,,1,/search/
https://quietmindsleep.co.uk/sitemap/,200,,1,/sitemap/
https://quietmindsleep.co.uk/sleep-environment/bedding-and-sleep/,200,,1,/sleep-environment/bedding-and-sleep/
https://www.amazon.co.uk/dp/B01ISWOP4I/?tag=kleantouch-21,200,,4,/sleep-environment/bedding-and-sleep/; /sleep-environment/best-temperature-for-sleep/; /sleep-environment/how-to-sleep-when-its-hot/; /waking-at-night/waking-up-hot-at-night/
https://www.amazon.co.uk/dp/B08HZFC7SN/?tag=kleantouch-21,200,,1,/sleep-environment/bedding-and-sleep/
https://quietmindsleep.co.uk/sleep-environment/bedroom-lighting-for-sleep/,200,,1,/sleep-environment/bedroom-lighting-for-sleep/
https://quietmindsleep.co.uk/sleep-environment/bedroom-setup-for-better-sleep/,200,,1,/sleep-environment/bedroom-setup-for-better-sleep/
https://www.amazon.co.uk/dp/B0D5721NNQ/?tag=kleantouch-21,200,,4,/sleep-environment/bedroom-setup-for-better-sleep/; /sleep-environment/how-to-make-bedroom-darker/; /sleep-environment/sleep-mask-vs-blackout-curtains/; /sleep-products/best-blackout-curtains-uk/
https://www.amazon.co.uk/dp/B0D9YWWT26/?tag=kleantouch-21,200,,3,/sleep-environment/bedroom-setup-for-better-sleep/; /sleep-products/best-cooling-pillows-uk/; /sleep-products/best-pillows-for-side-sleepers-uk/
https://quietmindsleep.co.uk/sleep-environment/best-temperature-for-sleep/,200,,1,/sleep-environment/best-temperature-for-sleep/
https://www.amazon.co.uk/dp/B08YZ7FM5Z/?tag=kleantouch-21,200,,5,/sleep-environment/best-temperature-for-sleep/; /sleep-environment/how-to-sleep-when-its-hot/; /sleep-products/best-cooling-pillows-uk/; /sleep-products/best-pillows-for-side-sleepers-uk/; /waking-at-night/waking-up-hot-at-night/
https://www.frontiersin.org/journals/neuroscience,200,,1,/sleep-environment/best-temperature-for-sleep/
https://quietmindsleep.co.uk/sleep-environment/earplugs-vs-white-noise/,200,,1,/sleep-environment/earplugs-vs-white-noise/
https://www.amazon.co.uk/dp/B0B785VC19/?tag=kleantouch-21,200,,8,/sleep-environment/earplugs-vs-white-noise/; /sleep-environment/how-to-block-out-noise-at-night/; /sleep-environment/how-to-sleep-with-a-snoring-partner/; /sleep-products/best-earplugs-for-sleeping-uk/; /sleep-products/types-of-earplugs-for-sleep/
https://www.amazon.co.uk/dp/B0D3V6TR98/?tag=kleantouch-21,200,,5,/sleep-environment/earplugs-vs-white-noise/; /sleep-products/best-earplugs-for-sleeping-uk/; /sleep-products/types-of-earplugs-for-sleep/; /sleep-questions/is-it-ok-to-sleep-with-earplugs-every-night/; /waking-at-night/light-sleeper/
https://quietmindsleep.co.uk/sleep-environment/how-to-block-out-noise-at-night/,200,,1,/sleep-environment/how-to-block-out-noise-at-night/
https://www.gov.uk/report-noise-pollution-to-council,200,,1,/sleep-environment/how-to-block-out-noise-at-night/
https://quietmindsleep.co.uk/sleep-environment/how-to-make-bedroom-darker/,200,,1,/sleep-environment/how-to-make-bedroom-darker/
https://www.amazon.co.uk/dp/B00VWMHFZ8/?tag=kleantouch-21,200,,4,/sleep-environment/how-to-make-bedroom-darker/; /sleep-environment/sleep-mask-vs-blackout-curtains/; /sleep-products/best-blackout-curtains-uk/; /waking-at-night/waking-up-too-early/
https://quietmindsleep.co.uk/sleep-environment/how-to-sleep-when-its-cold/,200,,1,/sleep-environment/how-to-sleep-when-its-cold/
https://www.nhs.uk/live-well/seasonal-health/keep-warm-keep-well/,200,,1,/sleep-environment/how-to-sleep-when-its-cold/
https://www.electricalsafetyfirst.org.uk/,200,,1,/sleep-environment/how-to-sleep-when-its-cold/
https://quietmindsleep.co.uk/sleep-environment/how-to-sleep-when-its-hot/,200,,1,/sleep-environment/how-to-sleep-when-its-hot/
https://www.amazon.co.uk/dp/B0BT7LPSBY/?tag=kleantouch-21,200,,1,/sleep-environment/how-to-sleep-when-its-hot/
https://www.nhs.uk/live-well/seasonal-health/heatwave-how-to-cope-in-hot-weather/,200,,1,/sleep-environment/how-to-sleep-when-its-hot/
https://quietmindsleep.co.uk/sleep-environment/how-to-sleep-with-a-snoring-partner/,200,,1,/sleep-environment/how-to-sleep-with-a-snoring-partner/
https://www.nhs.uk/conditions/snoring/,200,,1,/sleep-environment/how-to-sleep-with-a-snoring-partner/
https://www.nhs.uk/conditions/sleep-apnoea/,200,,3,/sleep-environment/how-to-sleep-with-a-snoring-partner/; /sleep-questions/when-to-see-a-gp-about-sleep/; /waking-at-night/waking-up-in-the-middle-of-the-night/
https://quietmindsleep.co.uk/sleep-environment/,200,,1,/sleep-environment/
https://quietmindsleep.co.uk/sleep-environment/sleep-mask-vs-blackout-curtains/,200,,1,/sleep-environment/sleep-mask-vs-blackout-curtains/
https://quietmindsleep.co.uk/sleep-habits/alcohol-and-sleep/,200,,1,/sleep-habits/alcohol-and-sleep/
https://www.drinkaware.co.uk/,200,,2,/sleep-habits/alcohol-and-sleep/; /waking-at-night/waking-up-at-3am/
https://www.nhs.uk/live-well/alcohol-advice/,200,,1,/sleep-habits/alcohol-and-sleep/
https://quietmindsleep.co.uk/sleep-habits/caffeine-and-sleep/,200,,1,/sleep-habits/caffeine-and-sleep/
https://www.sleepfoundation.org/nutrition/caffeine-and-sleep,200,,1,/sleep-habits/caffeine-and-sleep/
https://quietmindsleep.co.uk/sleep-habits/consistent-sleep-schedule/,200,,1,/sleep-habits/consistent-sleep-schedule/
https://academic.oup.com/sleep,403,blocked for automated clients; verify manually (usually fine),1,/sleep-habits/consistent-sleep-schedule/
https://quietmindsleep.co.uk/sleep-habits/eating-before-bed/,200,,1,/sleep-habits/eating-before-bed/
https://www.nhs.uk/conditions/heartburn-and-acid-reflux/,200,,1,/sleep-habits/eating-before-bed/
https://www.sleepfoundation.org/nutrition,200,,1,/sleep-habits/eating-before-bed/
https://quietmindsleep.co.uk/sleep-habits/exercise-and-sleep/,200,,1,/sleep-habits/exercise-and-sleep/
https://www.nhs.uk/live-well/exercise/,200,,1,/sleep-habits/exercise-and-sleep/
https://www.sleepfoundation.org/physical-activity/exercise-and-sleep,200,,1,/sleep-habits/exercise-and-sleep/
https://quietmindsleep.co.uk/sleep-habits/how-to-fix-your-sleep-schedule/,200,,1,/sleep-habits/how-to-fix-your-sleep-schedule/
https://quietmindsleep.co.uk/sleep-habits/,200,,1,/sleep-habits/
https://quietmindsleep.co.uk/sleep-habits/morning-routine-for-better-sleep/,200,,1,/sleep-habits/morning-routine-for-better-sleep/
https://quietmindsleep.co.uk/sleep-habits/napping-and-night-sleep/,200,,1,/sleep-habits/napping-and-night-sleep/
https://www.sleepfoundation.org/sleep-hygiene/napping,200,,1,/sleep-habits/napping-and-night-sleep/
https://quietmindsleep.co.uk/sleep-habits/screens-before-bed/,200,,1,/sleep-habits/screens-before-bed/
https://www.health.harvard.edu/staying-healthy/blue-light-has-a-dark-side,200,,1,/sleep-habits/screens-before-bed/
https://www.sleepfoundation.org/bedroom-environment/blue-light,200,,1,/sleep-habits/screens-before-bed/
https://quietmindsleep.co.uk/sleep-habits/sleep-hygiene/,200,,1,/sleep-habits/sleep-hygiene/
https://quietmindsleep.co.uk/sleep-products/best-blackout-curtains-uk/,200,,1,/sleep-products/best-blackout-curtains-uk/
https://quietmindsleep.co.uk/sleep-products/best-cooling-pillows-uk/,200,,1,/sleep-products/best-cooling-pillows-uk/
https://www.nhs.uk/conditions/night-sweats/,200,,2,/sleep-products/best-cooling-pillows-uk/; /waking-at-night/waking-up-hot-at-night/
https://quietmindsleep.co.uk/sleep-products/best-earplugs-for-sleeping-uk/,200,,1,/sleep-products/best-earplugs-for-sleeping-uk/
https://www.amazon.co.uk/dp/B01LHL84ZI/?tag=kleantouch-21,200,,3,/sleep-products/best-earplugs-for-sleeping-uk/; /sleep-products/types-of-earplugs-for-sleep/; /sleep-questions/is-it-ok-to-sleep-with-earplugs-every-night/
https://www.nhs.uk/conditions/earwax-build-up/,200,,3,/sleep-products/best-earplugs-for-sleeping-uk/; /sleep-products/types-of-earplugs-for-sleep/; /sleep-questions/is-it-ok-to-sleep-with-earplugs-every-night/
https://quietmindsleep.co.uk/sleep-products/best-pillows-for-side-sleepers-uk/,200,,1,/sleep-products/best-pillows-for-side-sleepers-uk/
https://www.nhs.uk/conditions/back-pain/,200,,2,/sleep-products/best-pillows-for-side-sleepers-uk/; /sleep-products/mattress-buying-guide-uk/
https://quietmindsleep.co.uk/sleep-products/best-sleep-headphones-uk/,200,,1,/sleep-products/best-sleep-headphones-uk/
https://www.nhs.uk/conditions/hearing-loss/,200,,9,/sleep-products/best-sleep-headphones-uk/; /sleep-products/types-of-sleep-headphones/; /sleep-sounds/brown-noise-for-sleep/; /sleep-sounds/brown-noise-vs-white-noise/; /sleep-sounds/is-it-bad-to-sleep-with-white-noise-on/
https://quietmindsleep.co.uk/sleep-products/best-sleep-masks-uk/,200,,1,/sleep-products/best-sleep-masks-uk/
https://www.amazon.co.uk/dp/B09DXXWVL4/?tag=kleantouch-21,200,,1,/sleep-products/best-sleep-masks-uk/
https://quietmindsleep.co.uk/sleep-products/best-white-noise-machines-uk/,200,,1,/sleep-products/best-white-noise-machines-uk/
https://www.amazon.co.uk/dp/B01D50RZQI/?tag=kleantouch-21,200,,5,/sleep-products/best-white-noise-machines-uk/; /sleep-products/how-to-choose-a-white-noise-machine/; /sleep-sounds/ocean-sounds-for-sleep/; /sleep-sounds/rain-sounds-for-sleep/; /sleep-sounds/white-noise-for-sleep/
https://quietmindsleep.co.uk/sleep-products/how-to-choose-a-white-noise-machine/,200,,1,/sleep-products/how-to-choose-a-white-noise-machine/
https://www.lullabytrust.org.uk/,403,blocked for automated clients; verify manually (usually fine),1,/sleep-products/how-to-choose-a-white-noise-machine/
https://quietmindsleep.co.uk/sleep-products/,200,,1,/sleep-products/
https://quietmindsleep.co.uk/sleep-products/mattress-buying-guide-uk/,200,,1,/sleep-products/mattress-buying-guide-uk/
https://quietmindsleep.co.uk/sleep-products/types-of-earplugs-for-sleep/,200,,1,/sleep-products/types-of-earplugs-for-sleep/
https://quietmindsleep.co.uk/sleep-products/types-of-sleep-headphones/,200,,1,/sleep-products/types-of-sleep-headphones/
https://quietmindsleep.co.uk/sleep-products/weighted-blankets-guide/,200,,1,/sleep-products/weighted-blankets-guide/
https://quietmindsleep.co.uk/sleep-questions/can-you-catch-up-on-sleep/,200,,1,/sleep-questions/can-you-catch-up-on-sleep/
https://quietmindsleep.co.uk/sleep-questions/does-a-sleep-mask-help-you-sleep/,200,,1,/sleep-questions/does-a-sleep-mask-help-you-sleep/
https://quietmindsleep.co.uk/sleep-questions/does-reading-before-bed-help-you-sleep/,200,,1,/sleep-questions/does-reading-before-bed-help-you-sleep/
https://quietmindsleep.co.uk/sleep-questions/how-much-sleep-do-adults-need/,200,,1,/sleep-questions/how-much-sleep-do-adults-need/
https://quietmindsleep.co.uk/sleep-questions/,200,,1,/sleep-questions/
https://quietmindsleep.co.uk/sleep-questions/is-it-bad-to-sleep-with-the-light-on/,200,,1,/sleep-questions/is-it-bad-to-sleep-with-the-light-on/
https://quietmindsleep.co.uk/sleep-questions/is-it-ok-to-sleep-with-earplugs-every-night/,200,,1,/sleep-questions/is-it-ok-to-sleep-with-earplugs-every-night/
https://quietmindsleep.co.uk/sleep-questions/when-to-see-a-gp-about-sleep/,200,,1,/sleep-questions/when-to-see-a-gp-about-sleep/
https://www.nice.org.uk/guidance/mtg70,200,,1,/sleep-questions/when-to-see-a-gp-about-sleep/
https://www.samaritans.org/,200,,1,/sleep-questions/when-to-see-a-gp-about-sleep/
https://quietmindsleep.co.uk/sleep-questions/why-am-i-tired-but-cant-sleep/,200,,1,/sleep-questions/why-am-i-tired-but-cant-sleep/
https://www.rcpsych.ac.uk/,200,,1,/sleep-questions/why-am-i-tired-but-cant-sleep/
https://quietmindsleep.co.uk/sleep-questions/why-cant-i-sleep/,200,,1,/sleep-questions/why-cant-i-sleep/
https://quietmindsleep.co.uk/sleep-questions/why-do-i-get-a-second-wind-at-night/,200,,1,/sleep-questions/why-do-i-get-a-second-wind-at-night/
https://quietmindsleep.co.uk/sleep-sounds/brown-noise-for-sleep/,200,,1,/sleep-sounds/brown-noise-for-sleep/
https://doi.org/10.1016/j.smrv.2020.101385,200,,9,/sleep-sounds/brown-noise-for-sleep/; /sleep-sounds/brown-noise-vs-white-noise/; /sleep-sounds/is-it-bad-to-sleep-with-white-noise-on/; /sleep-sounds/nature-sounds-for-sleep/; /sleep-sounds/ocean-sounds-for-sleep/
https://quietmindsleep.co.uk/sleep-sounds/brown-noise-vs-white-noise/,200,,1,/sleep-sounds/brown-noise-vs-white-noise/
https://quietmindsleep.co.uk/sleep-sounds/calming-sounds-for-anxiety-at-night/,200,,1,/sleep-sounds/calming-sounds-for-anxiety-at-night/
https://www.nhs.uk/mental-health/feelings-symptoms-behaviours/feelings-and-symptoms/anxiety-fear-panic/,200,,1,/sleep-sounds/calming-sounds-for-anxiety-at-night/
https://quietmindsleep.co.uk/sleep-sounds/,200,,1,/sleep-sounds/
https://quietmindsleep.co.uk/sleep-sounds/is-it-bad-to-sleep-with-white-noise-on/,200,,1,/sleep-sounds/is-it-bad-to-sleep-with-white-noise-on/
https://www.nhs.uk/conditions/baby/caring-for-a-newborn/reduce-the-risk-of-sudden-infant-death-syndrome/,200,,1,/sleep-sounds/is-it-bad-to-sleep-with-white-noise-on/
https://doi.org/10.1542/peds.2013-3617,403,blocked for automated clients; verify manually (usually fine),1,/sleep-sounds/is-it-bad-to-sleep-with-white-noise-on/
https://quietmindsleep.co.uk/sleep-sounds/nature-sounds-for-sleep/,200,,1,/sleep-sounds/nature-sounds-for-sleep/
https://quietmindsleep.co.uk/sleep-sounds/ocean-sounds-for-sleep/,200,,1,/sleep-sounds/ocean-sounds-for-sleep/
https://quietmindsleep.co.uk/sleep-sounds/pink-noise-for-sleep/,200,,1,/sleep-sounds/pink-noise-for-sleep/
https://doi.org/10.1016/j.neuron.2013.03.006,200,,1,/sleep-sounds/pink-noise-for-sleep/
https://doi.org/10.3389/fnhum.2017.00109,200,,2,/sleep-sounds/pink-noise-for-sleep/; /sleep-sounds/pink-noise-vs-white-noise/
https://quietmindsleep.co.uk/sleep-sounds/pink-noise-vs-white-noise/,200,,1,/sleep-sounds/pink-noise-vs-white-noise/
https://quietmindsleep.co.uk/sleep-sounds/rain-sounds-for-sleep/,200,,1,/sleep-sounds/rain-sounds-for-sleep/
https://quietmindsleep.co.uk/sleep-sounds/white-noise-for-sleep/,200,,1,/sleep-sounds/white-noise-for-sleep/
https://doi.org/10.1016/j.sleep.2021.03.031,200,,1,/sleep-sounds/white-noise-for-sleep/
https://quietmindsleep.co.uk/terms/,200,,1,/terms/
https://quietmindsleep.co.uk/waking-at-night/cant-get-back-to-sleep/,200,,1,/waking-at-night/cant-get-back-to-sleep/
https://quietmindsleep.co.uk/waking-at-night/,200,,1,/waking-at-night/
https://quietmindsleep.co.uk/waking-at-night/light-sleeper/,200,,1,/waking-at-night/light-sleeper/
https://www.sleepfoundation.org/stages-of-sleep,200,,3,/waking-at-night/light-sleeper/; /waking-at-night/waking-up-at-3am/; /waking-at-night/why-do-i-wake-up-at-the-same-time-every-night/
https://quietmindsleep.co.uk/waking-at-night/should-i-get-up-if-i-cant-sleep/,200,,1,/waking-at-night/should-i-get-up-if-i-cant-sleep/
https://quietmindsleep.co.uk/waking-at-night/waking-up-at-3am/,200,,1,/waking-at-night/waking-up-at-3am/
https://quietmindsleep.co.uk/waking-at-night/waking-up-hot-at-night/,200,,1,/waking-at-night/waking-up-hot-at-night/
https://www.nhs.uk/conditions/menopause/,200,,1,/waking-at-night/waking-up-hot-at-night/
https://www.sleepfoundation.org/bedroom-environment/best-temperature-for-sleep,200,,1,/waking-at-night/waking-up-hot-at-night/
https://quietmindsleep.co.uk/waking-at-night/waking-up-in-the-middle-of-the-night/,200,,1,/waking-at-night/waking-up-in-the-middle-of-the-night/
https://quietmindsleep.co.uk/waking-at-night/waking-up-too-early/,200,,1,/waking-at-night/waking-up-too-early/
https://www.nhs.uk/mental-health/conditions/depression-in-adults/,200,,1,/waking-at-night/waking-up-too-early/
https://quietmindsleep.co.uk/waking-at-night/waking-up-with-anxiety/,200,,1,/waking-at-night/waking-up-with-anxiety/
https://www.nhs.uk/mental-health/conditions/panic-disorder/,200,,1,/waking-at-night/waking-up-with-anxiety/
https://quietmindsleep.co.uk/waking-at-night/why-do-i-wake-up-at-the-same-time-every-night/,200,,1,/waking-at-night/why-do-i-wake-up-at-the-same-time-every-night/
