page,url,role,tier,parentHub,relatedPages,commercialPages,incomingCount,outgoingCount,incomingFrom
about,/about/,static,,,sleep-questions/when-to-see-a-gp-about-sleep,,0,13,
affiliate-disclosure,/affiliate-disclosure/,static,,,,,60,1,falling-asleep/bedtime-routine-for-adults; falling-asleep/cant-sleep-before-a-big-day; falling-asleep/how-to-fall-asleep-faster; falling-asleep/things-to-do-before-bed; falling-asleep/what-to-do-when-you-cant-sleep; quiet-the-mind/cant-switch-off-at-night; quiet-the-mind/how-to-calm-your-mind-before-bed; quiet-the-mind/how-to-stop-overthinking-at-night; quiet-the-mind/racing-thoughts-at-night; relaxation/bedtime-meditation-for-sleep; relaxation/bedtime-relaxation-techniques; relaxation/breathing-exercises-for-sleep; relaxation/guided-relaxation-for-sleep; relaxation/progressive-muscle-relaxation-for-sleep; sleep-environment/bedding-and-sleep; sleep-environment/bedroom-setup-for-better-sleep; sleep-environment/best-temperature-for-sleep; sleep-environment/earplugs-vs-white-noise; sleep-environment/how-to-block-out-noise-at-night; sleep-environment/how-to-make-bedroom-darker; sleep-environment/how-to-sleep-when-its-hot; sleep-environment/how-to-sleep-with-a-snoring-partner; sleep-environment/sleep-mask-vs-blackout-curtains; sleep-habits/how-to-fix-your-sleep-schedule; sleep-habits/napping-and-night-sleep; sleep-habits/sleep-hygiene; sleep-products/best-blackout-curtains-uk; sleep-products/best-cooling-pillows-uk; sleep-products/best-earplugs-for-sleeping-uk; sleep-products/best-pillows-for-side-sleepers-uk; sleep-products/best-sleep-headphones-uk; sleep-products/best-sleep-masks-uk; sleep-products/best-white-noise-machines-uk; sleep-products/how-to-choose-a-white-noise-machine; sleep-products/types-of-earplugs-for-sleep; sleep-products/types-of-sleep-headphones; sleep-products/weighted-blankets-guide; sleep-questions/does-a-sleep-mask-help-you-sleep; sleep-questions/is-it-bad-to-sleep-with-the-light-on; sleep-questions/is-it-ok-to-sleep-with-earplugs-every-night; sleep-sounds/brown-noise-for-sleep; sleep-sounds/brown-noise-vs-white-noise; sleep-sounds/calming-sounds-for-anxiety-at-night; sleep-sounds/is-it-bad-to-sleep-with-white-noise-on; sleep-sounds/nature-sounds-for-sleep; sleep-sounds/ocean-sounds-for-sleep; sleep-sounds/pink-noise-for-sleep; sleep-sounds/pink-noise-vs-white-noise; sleep-sounds/rain-sounds-for-sleep; sleep-sounds/white-noise-for-sleep; waking-at-night/cant-get-back-to-sleep; waking-at-night/light-sleeper; waking-at-night/waking-up-at-3am; waking-at-night/waking-up-hot-at-night; waking-at-night/waking-up-in-the-middle-of-the-night; waking-at-night/waking-up-too-early; about; editorial-policy; privacy-policy; terms
contact,/contact/,static,,,sleep-questions/when-to-see-a-gp-about-sleep,,5,3,about; affiliate-disclosure; corrections; privacy-policy; terms
cookie-policy,/cookie-policy/,static,,,,,1,0,privacy-policy
corrections,/corrections/,static,,,,,4,1,about; contact; editorial-policy; health-disclaimer
editorial-policy,/editorial-policy/,static,,,,,3,3,about; health-disclaimer; terms
falling-asleep,/falling-asleep/,hub,,,falling-asleep/bedtime-routine-for-adults; falling-asleep/difficulty-falling-asleep; falling-asleep/how-to-fall-asleep-faster; falling-asleep/what-to-do-when-you-cant-sleep; falling-asleep/things-to-do-before-bed; falling-asleep/how-long-should-it-take-to-fall-asleep; falling-asleep/military-sleep-method; falling-asleep/cant-sleep-before-a-big-day; falling-asleep/how-to-sleep-when-not-tired; sleep-products/best-sleep-masks-uk; sleep-products/best-white-noise-machines-uk,,15,14,falling-asleep/bedtime-routine-for-adults; falling-asleep/cant-sleep-before-a-big-day; falling-asleep/difficulty-falling-asleep; falling-asleep/how-long-should-it-take-to-fall-asleep; falling-asleep/how-to-fall-asleep-faster; falling-asleep/how-to-sleep-when-not-tired; falling-asleep/military-sleep-method; falling-asleep/things-to-do-before-bed; falling-asleep/what-to-do-when-you-cant-sleep; sleep-environment/how-to-sleep-with-a-snoring-partner; quiet-the-mind; relaxation; sleep-habits; sleep-questions; about
health-disclaimer,/health-disclaimer/,static,,,sleep-questions/when-to-see-a-gp-about-sleep,,3,3,about; editorial-policy; terms
privacy-policy,/privacy-policy/,static,,,,,57,3,falling-asleep/bedtime-routine-for-adults; falling-asleep/cant-sleep-before-a-big-day; falling-asleep/difficulty-falling-asleep; falling-asleep/how-to-fall-asleep-faster; falling-asleep/how-to-sleep-when-not-tired; falling-asleep/military-sleep-method; falling-asleep/things-to-do-before-bed; falling-asleep/what-to-do-when-you-cant-sleep; quiet-the-mind/anxiety-at-night; quiet-the-mind/cant-switch-off-at-night; quiet-the-mind/cognitive-shuffling; quiet-the-mind/how-to-calm-your-mind-before-bed; quiet-the-mind/how-to-stop-overthinking-at-night; quiet-the-mind/racing-thoughts-at-night; quiet-the-mind/sleep-anxiety; quiet-the-mind/sunday-night-insomnia; quiet-the-mind/worry-list-before-bed; relaxation/4-7-8-breathing; relaxation/bedtime-meditation-for-sleep; relaxation/bedtime-relaxation-techniques; relaxation/bedtime-stretches; relaxation/body-scan-for-sleep; relaxation/box-breathing; relaxation/breathing-exercises-for-sleep; relaxation/guided-relaxation-for-sleep; relaxation/mindfulness-for-sleep; relaxation/progressive-muscle-relaxation-for-sleep; relaxation/yoga-nidra-for-sleep; resources/7-night-quiet-mind-sleep-plan; resources/sleep-checklist; sleep-environment/bedroom-lighting-for-sleep; sleep-environment/bedroom-setup-for-better-sleep; sleep-habits/alcohol-and-sleep; sleep-habits/caffeine-and-sleep; sleep-habits/consistent-sleep-schedule; sleep-habits/eating-before-bed; sleep-habits/exercise-and-sleep; sleep-habits/how-to-fix-your-sleep-schedule; sleep-habits/morning-routine-for-better-sleep; sleep-habits/napping-and-night-sleep; sleep-habits/screens-before-bed; sleep-habits/sleep-hygiene; sleep-questions/can-you-catch-up-on-sleep; sleep-questions/why-am-i-tired-but-cant-sleep; sleep-questions/why-cant-i-sleep; sleep-sounds/calming-sounds-for-anxiety-at-night; sleep-sounds/is-it-bad-to-sleep-with-white-noise-on; waking-at-night/cant-get-back-to-sleep; waking-at-night/light-sleeper; waking-at-night/should-i-get-up-if-i-cant-sleep; waking-at-night/waking-up-at-3am; waking-at-night/waking-up-hot-at-night; waking-at-night/waking-up-in-the-middle-of-the-night; waking-at-night/waking-up-too-early; waking-at-night/waking-up-with-anxiety; waking-at-night/why-do-i-wake-up-at-the-same-time-every-night; contact
quiet-the-mind,/quiet-the-mind/,hub,,,quiet-the-mind/anxiety-at-night; quiet-the-mind/how-to-calm-your-mind-before-bed; quiet-the-mind/how-to-stop-overthinking-at-night; quiet-the-mind/racing-thoughts-at-night; quiet-the-mind/cant-switch-off-at-night; quiet-the-mind/sleep-anxiety; quiet-the-mind/cognitive-shuffling; quiet-the-mind/sunday-night-insomnia; quiet-the-mind/worry-list-before-bed; sleep-products/best-sleep-headphones-uk; sleep-products/best-white-noise-machines-uk,,21,14,quiet-the-mind/anxiety-at-night; quiet-the-mind/cant-switch-off-at-night; quiet-the-mind/cognitive-shuffling; quiet-the-mind/how-to-calm-your-mind-before-bed; quiet-the-mind/how-to-stop-overthinking-at-night; quiet-the-mind/racing-thoughts-at-night; quiet-the-mind/sleep-anxiety; quiet-the-mind/sunday-night-insomnia; quiet-the-mind/worry-list-before-bed; resources/7-night-quiet-mind-sleep-plan; resources/sleep-checklist; sleep-questions/why-cant-i-sleep; sleep-sounds/brown-noise-for-sleep; sleep-sounds/pink-noise-for-sleep; waking-at-night/waking-up-with-anxiety; falling-asleep; waking-at-night; sleep-sounds; relaxation; sleep-questions; about
relaxation,/relaxation/,hub,,,relaxation/4-7-8-breathing; relaxation/bedtime-relaxation-techniques; relaxation/breathing-exercises-for-sleep; relaxation/progressive-muscle-relaxation-for-sleep; relaxation/bedtime-meditation-for-sleep; relaxation/body-scan-for-sleep; relaxation/mindfulness-for-sleep; relaxation/box-breathing; relaxation/bedtime-stretches; relaxation/guided-relaxation-for-sleep; relaxation/yoga-nidra-for-sleep; sleep-products/best-sleep-headphones-uk; sleep-products/weighted-blankets-guide,,15,16,quiet-the-mind/cant-switch-off-at-night; relaxation/4-7-8-breathing; relaxation/bedtime-meditation-for-sleep; relaxation/bedtime-relaxation-techniques; relaxation/bedtime-stretches; relaxation/body-scan-for-sleep; relaxation/box-breathing; relaxation/breathing-exercises-for-sleep; relaxation/guided-relaxation-for-sleep; relaxation/mindfulness-for-sleep; relaxation/progressive-muscle-relaxation-for-sleep; relaxation/yoga-nidra-for-sleep; quiet-the-mind; falling-asleep; about
sleep-environment,/sleep-environment/,hub,,,sleep-environment/how-to-block-out-noise-at-night; sleep-environment/how-to-make-bedroom-darker; sleep-environment/how-to-sleep-when-its-hot; sleep-environment/best-temperature-for-sleep; sleep-environment/bedroom-lighting-for-sleep; sleep-environment/bedroom-setup-for-better-sleep; sleep-environment/how-to-sleep-with-a-snoring-partner; sleep-environment/sleep-mask-vs-blackout-curtains; sleep-environment/bedding-and-sleep; sleep-environment/earplugs-vs-white-noise; sleep-environment/how-to-sleep-when-its-cold; sleep-products/best-sleep-masks-uk; sleep-products/best-blackout-curtains-uk; sleep-products/best-earplugs-for-sleeping-uk,,16,17,sleep-environment/bedding-and-sleep; sleep-environment/bedroom-lighting-for-sleep; sleep-environment/bedroom-setup-for-better-sleep; sleep-environment/best-temperature-for-sleep; sleep-environment/earplugs-vs-white-noise; sleep-environment/how-to-block-out-noise-at-night; sleep-environment/how-to-make-bedroom-darker; sleep-environment/how-to-sleep-when-its-cold; sleep-environment/how-to-sleep-when-its-hot; sleep-environment/how-to-sleep-with-a-snoring-partner; sleep-environment/sleep-mask-vs-blackout-curtains; waking-at-night; sleep-sounds; sleep-habits; sleep-products; about
sleep-habits,/sleep-habits/,hub,,,sleep-habits/how-to-fix-your-sleep-schedule; sleep-habits/sleep-hygiene; sleep-habits/alcohol-and-sleep; sleep-habits/caffeine-and-sleep; sleep-habits/exercise-and-sleep; sleep-habits/screens-before-bed; sleep-habits/consistent-sleep-schedule; sleep-habits/napping-and-night-sleep; sleep-habits/eating-before-bed; sleep-habits/morning-routine-for-better-sleep; sleep-products/best-sleep-masks-uk,,15,14,sleep-habits/alcohol-and-sleep; sleep-habits/caffeine-and-sleep; sleep-habits/consistent-sleep-schedule; sleep-habits/eating-before-bed; sleep-habits/exercise-and-sleep; sleep-habits/how-to-fix-your-sleep-schedule; sleep-habits/morning-routine-for-better-sleep; sleep-habits/napping-and-night-sleep; sleep-habits/screens-before-bed; sleep-habits/sleep-hygiene; falling-asleep; waking-at-night; sleep-environment; relaxation; about
sleep-products,/sleep-products/,hub,,,sleep-products/best-earplugs-for-sleeping-uk; sleep-products/best-sleep-headphones-uk; sleep-products/best-sleep-masks-uk; sleep-products/best-white-noise-machines-uk; sleep-products/best-blackout-curtains-uk; sleep-products/best-pillows-for-side-sleepers-uk; sleep-products/mattress-buying-guide-uk; sleep-products/weighted-blankets-guide; sleep-products/best-cooling-pillows-uk; sleep-products/types-of-earplugs-for-sleep; sleep-products/how-to-choose-a-white-noise-machine; sleep-products/types-of-sleep-headphones,,14,15,sleep-products/best-blackout-curtains-uk; sleep-products/best-cooling-pillows-uk; sleep-products/best-earplugs-for-sleeping-uk; sleep-products/best-pillows-for-side-sleepers-uk; sleep-products/best-sleep-headphones-uk; sleep-products/best-sleep-masks-uk; sleep-products/best-white-noise-machines-uk; sleep-products/how-to-choose-a-white-noise-machine; sleep-products/mattress-buying-guide-uk; sleep-products/types-of-earplugs-for-sleep; sleep-products/types-of-sleep-headphones; sleep-products/weighted-blankets-guide; sleep-sounds; sleep-environment
sleep-questions,/sleep-questions/,hub,,,sleep-questions/how-much-sleep-do-adults-need; sleep-questions/why-am-i-tired-but-cant-sleep; sleep-questions/why-cant-i-sleep; sleep-questions/can-you-catch-up-on-sleep; sleep-questions/does-a-sleep-mask-help-you-sleep; sleep-questions/when-to-see-a-gp-about-sleep; sleep-questions/does-reading-before-bed-help-you-sleep; sleep-questions/is-it-bad-to-sleep-with-the-light-on; sleep-questions/is-it-ok-to-sleep-with-earplugs-every-night; sleep-questions/why-do-i-get-a-second-wind-at-night; sleep-products/best-sleep-masks-uk,,10,14,sleep-questions/can-you-catch-up-on-sleep; sleep-questions/does-a-sleep-mask-help-you-sleep; sleep-questions/does-reading-before-bed-help-you-sleep; sleep-questions/how-much-sleep-do-adults-need; sleep-questions/is-it-bad-to-sleep-with-the-light-on; sleep-questions/is-it-ok-to-sleep-with-earplugs-every-night; sleep-questions/when-to-see-a-gp-about-sleep; sleep-questions/why-am-i-tired-but-cant-sleep; sleep-questions/why-cant-i-sleep; sleep-questions/why-do-i-get-a-second-wind-at-night
sleep-sounds,/sleep-sounds/,hub,,,sleep-sounds/brown-noise-for-sleep; sleep-sounds/brown-noise-vs-white-noise; sleep-sounds/white-noise-for-sleep; sleep-sounds/pink-noise-for-sleep; sleep-sounds/rain-sounds-for-sleep; sleep-sounds/calming-sounds-for-anxiety-at-night; sleep-sounds/is-it-bad-to-sleep-with-white-noise-on; sleep-sounds/nature-sounds-for-sleep; sleep-sounds/ocean-sounds-for-sleep; sleep-sounds/pink-noise-vs-white-noise; sleep-products/best-white-noise-machines-uk; sleep-products/best-sleep-headphones-uk,,13,15,sleep-sounds/brown-noise-for-sleep; sleep-sounds/brown-noise-vs-white-noise; sleep-sounds/calming-sounds-for-anxiety-at-night; sleep-sounds/is-it-bad-to-sleep-with-white-noise-on; sleep-sounds/nature-sounds-for-sleep; sleep-sounds/ocean-sounds-for-sleep; sleep-sounds/pink-noise-for-sleep; sleep-sounds/pink-noise-vs-white-noise; sleep-sounds/rain-sounds-for-sleep; sleep-sounds/white-noise-for-sleep; sleep-environment; sleep-products; about
terms,/terms/,static,,,,,0,4,
waking-at-night,/waking-at-night/,hub,,,waking-at-night/cant-get-back-to-sleep; waking-at-night/waking-up-at-3am; waking-at-night/waking-up-in-the-middle-of-the-night; waking-at-night/light-sleeper; waking-at-night/should-i-get-up-if-i-cant-sleep; waking-at-night/waking-up-too-early; waking-at-night/waking-up-with-anxiety; waking-at-night/waking-up-hot-at-night; waking-at-night/why-do-i-wake-up-at-the-same-time-every-night; sleep-products/best-earplugs-for-sleeping-uk; sleep-products/best-sleep-masks-uk,,15,14,sleep-questions/why-cant-i-sleep; waking-at-night/cant-get-back-to-sleep; waking-at-night/light-sleeper; waking-at-night/should-i-get-up-if-i-cant-sleep; waking-at-night/waking-up-at-3am; waking-at-night/waking-up-hot-at-night; waking-at-night/waking-up-in-the-middle-of-the-night; waking-at-night/waking-up-too-early; waking-at-night/waking-up-with-anxiety; waking-at-night/why-do-i-wake-up-at-the-same-time-every-night; quiet-the-mind; sleep-habits; sleep-products; sleep-questions; about
falling-asleep/bedtime-routine-for-adults,/falling-asleep/bedtime-routine-for-adults/,informational,1,falling-asleep,quiet-the-mind/worry-list-before-bed; sleep-habits/screens-before-bed; relaxation/progressive-muscle-relaxation-for-sleep; sleep-habits/consistent-sleep-schedule; falling-asleep/difficulty-falling-asleep; resources/7-night-quiet-mind-sleep-plan; falling-asleep/things-to-do-before-bed; quiet-the-mind/how-to-calm-your-mind-before-bed,sleep-products/best-sleep-masks-uk; sleep-products/weighted-blankets-guide; sleep-products/best-white-noise-machines-uk,12,14,falling-asleep/things-to-do-before-bed; quiet-the-mind/cant-switch-off-at-night; quiet-the-mind/worry-list-before-bed; relaxation/bedtime-meditation-for-sleep; relaxation/bedtime-stretches; resources/7-night-quiet-mind-sleep-plan; resources/sleep-checklist; sleep-habits/screens-before-bed; sleep-habits/sleep-hygiene; sleep-questions/does-reading-before-bed-help-you-sleep; sleep-sounds/is-it-bad-to-sleep-with-white-noise-on; falling-asleep
falling-asleep/cant-sleep-before-a-big-day,/falling-asleep/cant-sleep-before-a-big-day/,supporting,3,falling-asleep,quiet-the-mind/sleep-anxiety; quiet-the-mind/worry-list-before-bed; relaxation/breathing-exercises-for-sleep; falling-asleep/military-sleep-method; falling-asleep/what-to-do-when-you-cant-sleep; sleep-questions/can-you-catch-up-on-sleep; quiet-the-mind/anxiety-at-night; resources/7-night-quiet-mind-sleep-plan,sleep-products/best-sleep-masks-uk; sleep-products/best-white-noise-machines-uk,4,13,quiet-the-mind/sleep-anxiety; quiet-the-mind/sunday-night-insomnia; relaxation/box-breathing; falling-asleep
falling-asleep/difficulty-falling-asleep,/falling-asleep/difficulty-falling-asleep/,informational,1,falling-asleep,falling-asleep/how-to-fall-asleep-faster; sleep-habits/how-to-fix-your-sleep-schedule; sleep-questions/why-am-i-tired-but-cant-sleep; quiet-the-mind/anxiety-at-night; sleep-habits/consistent-sleep-schedule; sleep-environment/bedroom-setup-for-better-sleep; sleep-questions/when-to-see-a-gp-about-sleep; resources/7-night-quiet-mind-sleep-plan,sleep-products/best-sleep-masks-uk; sleep-products/best-white-noise-machines-uk,4,12,falling-asleep/bedtime-routine-for-adults; falling-asleep/how-long-should-it-take-to-fall-asleep; sleep-sounds/brown-noise-for-sleep; falling-asleep
falling-asleep/how-long-should-it-take-to-fall-asleep,/falling-asleep/how-long-should-it-take-to-fall-asleep/,supporting,2,falling-asleep,sleep-questions/how-much-sleep-do-adults-need; falling-asleep/difficulty-falling-asleep; falling-asleep/how-to-fall-asleep-faster; sleep-questions/when-to-see-a-gp-about-sleep; falling-asleep/how-to-sleep-when-not-tired,sleep-products/best-sleep-masks-uk; sleep-products/best-white-noise-machines-uk,3,8,falling-asleep/how-to-sleep-when-not-tired; sleep-questions/why-do-i-get-a-second-wind-at-night; falling-asleep
falling-asleep/how-to-fall-asleep-faster,/falling-asleep/how-to-fall-asleep-faster/,informational,1,falling-asleep,sleep-habits/caffeine-and-sleep; relaxation/breathing-exercises-for-sleep; falling-asleep/what-to-do-when-you-cant-sleep; sleep-environment/best-temperature-for-sleep; falling-asleep/military-sleep-method; quiet-the-mind/racing-thoughts-at-night; sleep-questions/when-to-see-a-gp-about-sleep; resources/7-night-quiet-mind-sleep-plan; quiet-the-mind/cant-switch-off-at-night,sleep-products/best-sleep-masks-uk; sleep-products/best-white-noise-machines-uk,8,14,falling-asleep/difficulty-falling-asleep; falling-asleep/how-long-should-it-take-to-fall-asleep; falling-asleep/military-sleep-method; falling-asleep/what-to-do-when-you-cant-sleep; quiet-the-mind/cognitive-shuffling; relaxation/4-7-8-breathing; sleep-questions/why-am-i-tired-but-cant-sleep; falling-asleep
falling-asleep/how-to-sleep-when-not-tired,/falling-asleep/how-to-sleep-when-not-tired/,supporting,3,falling-asleep,sleep-questions/why-do-i-get-a-second-wind-at-night; sleep-environment/bedroom-lighting-for-sleep; sleep-habits/how-to-fix-your-sleep-schedule; sleep-habits/napping-and-night-sleep; falling-asleep/how-long-should-it-take-to-fall-asleep; resources/7-night-quiet-mind-sleep-plan; sleep-questions/why-am-i-tired-but-cant-sleep; falling-asleep/what-to-do-when-you-cant-sleep,sleep-products/best-sleep-masks-uk; sleep-products/best-white-noise-machines-uk,6,12,falling-asleep/how-long-should-it-take-to-fall-asleep; sleep-habits/how-to-fix-your-sleep-schedule; sleep-habits/napping-and-night-sleep; sleep-questions/why-am-i-tired-but-cant-sleep; sleep-questions/why-do-i-get-a-second-wind-at-night; falling-asleep
falling-asleep/military-sleep-method,/falling-asleep/military-sleep-method/,supporting,2,falling-asleep,relaxation/progressive-muscle-relaxation-for-sleep; quiet-the-mind/cognitive-shuffling; falling-asleep/how-to-fall-asleep-faster; relaxation/breathing-exercises-for-sleep; resources/7-night-quiet-mind-sleep-plan,sleep-products/best-sleep-masks-uk; sleep-products/best-white-noise-machines-uk,5,9,falling-asleep/cant-sleep-before-a-big-day; falling-asleep/how-to-fall-asleep-faster; quiet-the-mind/cognitive-shuffling; relaxation/bedtime-relaxation-techniques; falling-asleep
falling-asleep/things-to-do-before-bed,/falling-asleep/things-to-do-before-bed/,supporting,2,falling-asleep,falling-asleep/bedtime-routine-for-adults; relaxation/bedtime-stretches; sleep-questions/does-reading-before-bed-help-you-sleep; relaxation/guided-relaxation-for-sleep; sleep-habits/eating-before-bed; resources/7-night-quiet-mind-sleep-plan; relaxation/bedtime-relaxation-techniques,sleep-products/best-sleep-headphones-uk; sleep-products/best-sleep-masks-uk; sleep-products/best-white-noise-machines-uk,3,13,falling-asleep/bedtime-routine-for-adults; quiet-the-mind/worry-list-before-bed; falling-asleep
falling-asleep/what-to-do-when-you-cant-sleep,/falling-asleep/what-to-do-when-you-cant-sleep/,informational,1,falling-asleep,relaxation/body-scan-for-sleep; quiet-the-mind/racing-thoughts-at-night; waking-at-night/should-i-get-up-if-i-cant-sleep; sleep-sounds/calming-sounds-for-anxiety-at-night; sleep-questions/can-you-catch-up-on-sleep; sleep-questions/when-to-see-a-gp-about-sleep; resources/7-night-quiet-mind-sleep-plan; waking-at-night/cant-get-back-to-sleep; quiet-the-mind/sleep-anxiety; falling-asleep/how-to-fall-asleep-faster,sleep-products/best-sleep-headphones-uk; sleep-products/best-sleep-masks-uk; sleep-products/best-white-noise-machines-uk,10,16,falling-asleep/cant-sleep-before-a-big-day; falling-asleep/how-to-fall-asleep-faster; falling-asleep/how-to-sleep-when-not-tired; relaxation/bedtime-relaxation-techniques; relaxation/breathing-exercises-for-sleep; resources/7-night-quiet-mind-sleep-plan; sleep-questions/why-cant-i-sleep; sleep-sounds/rain-sounds-for-sleep; waking-at-night/should-i-get-up-if-i-cant-sleep; falling-asleep
quiet-the-mind/anxiety-at-night,/quiet-the-mind/anxiety-at-night/,informational,1,quiet-the-mind,waking-at-night/waking-up-with-anxiety; relaxation/breathing-exercises-for-sleep; quiet-the-mind/worry-list-before-bed; quiet-the-mind/racing-thoughts-at-night; sleep-habits/caffeine-and-sleep; quiet-the-mind/sleep-anxiety; sleep-questions/when-to-see-a-gp-about-sleep; resources/7-night-quiet-mind-sleep-plan,sleep-products/best-sleep-headphones-uk; sleep-products/best-white-noise-machines-uk,11,12,falling-asleep/cant-sleep-before-a-big-day; falling-asleep/difficulty-falling-asleep; quiet-the-mind/racing-thoughts-at-night; quiet-the-mind/sleep-anxiety; quiet-the-mind/sunday-night-insomnia; relaxation/4-7-8-breathing; relaxation/box-breathing; sleep-products/weighted-blankets-guide; sleep-sounds/calming-sounds-for-anxiety-at-night; waking-at-night/waking-up-with-anxiety; quiet-the-mind
quiet-the-mind/cant-switch-off-at-night,/quiet-the-mind/cant-switch-off-at-night/,informational,2,quiet-the-mind,sleep-habits/screens-before-bed; sleep-questions/why-am-i-tired-but-cant-sleep; quiet-the-mind/worry-list-before-bed; sleep-sounds/white-noise-for-sleep; sleep-questions/when-to-see-a-gp-about-sleep; resources/7-night-quiet-mind-sleep-plan; quiet-the-mind/how-to-calm-your-mind-before-bed; falling-asleep/bedtime-routine-for-adults; sleep-sounds/brown-noise-for-sleep,sleep-products/best-white-noise-machines-uk; sleep-products/best-sleep-headphones-uk,7,15,falling-asleep/how-to-fall-asleep-faster; quiet-the-mind/how-to-calm-your-mind-before-bed; relaxation/progressive-muscle-relaxation-for-sleep; sleep-habits/screens-before-bed; sleep-questions/does-reading-before-bed-help-you-sleep; sleep-questions/why-am-i-tired-but-cant-sleep; quiet-the-mind
quiet-the-mind/cognitive-shuffling,/quiet-the-mind/cognitive-shuffling/,supporting,3,quiet-the-mind,quiet-the-mind/racing-thoughts-at-night; quiet-the-mind/worry-list-before-bed; falling-asleep/military-sleep-method; relaxation/body-scan-for-sleep; resources/7-night-quiet-mind-sleep-plan; quiet-the-mind/how-to-stop-overthinking-at-night; relaxation/breathing-exercises-for-sleep; falling-asleep/how-to-fall-asleep-faster,sleep-products/best-sleep-headphones-uk; sleep-products/best-white-noise-machines-uk,6,12,falling-asleep/military-sleep-method; quiet-the-mind/how-to-stop-overthinking-at-night; quiet-the-mind/racing-thoughts-at-night; quiet-the-mind/worry-list-before-bed; relaxation/4-7-8-breathing; quiet-the-mind
quiet-the-mind/how-to-calm-your-mind-before-bed,/quiet-the-mind/how-to-calm-your-mind-before-bed/,informational,1,quiet-the-mind,quiet-the-mind/worry-list-before-bed; sleep-environment/bedroom-lighting-for-sleep; relaxation/progressive-muscle-relaxation-for-sleep; sleep-questions/does-reading-before-bed-help-you-sleep; sleep-sounds/rain-sounds-for-sleep; resources/7-night-quiet-mind-sleep-plan; relaxation/bedtime-relaxation-techniques; quiet-the-mind/cant-switch-off-at-night,sleep-products/best-sleep-headphones-uk; sleep-products/weighted-blankets-guide; sleep-products/best-white-noise-machines-uk,7,14,falling-asleep/bedtime-routine-for-adults; quiet-the-mind/cant-switch-off-at-night; relaxation/bedtime-meditation-for-sleep; resources/7-night-quiet-mind-sleep-plan; sleep-habits/alcohol-and-sleep; sleep-questions/does-reading-before-bed-help-you-sleep; quiet-the-mind
quiet-the-mind/how-to-stop-overthinking-at-night,/quiet-the-mind/how-to-stop-overthinking-at-night/,informational,1,quiet-the-mind,quiet-the-mind/racing-thoughts-at-night; quiet-the-mind/worry-list-before-bed; quiet-the-mind/cognitive-shuffling; sleep-sounds/calming-sounds-for-anxiety-at-night; waking-at-night/should-i-get-up-if-i-cant-sleep; quiet-the-mind/sleep-anxiety; resources/7-night-quiet-mind-sleep-plan,sleep-products/best-sleep-headphones-uk; sleep-products/best-white-noise-machines-uk,4,12,quiet-the-mind/cognitive-shuffling; quiet-the-mind/racing-thoughts-at-night; quiet-the-mind/worry-list-before-bed; quiet-the-mind
quiet-the-mind/racing-thoughts-at-night,/quiet-the-mind/racing-thoughts-at-night/,informational,1,quiet-the-mind,quiet-the-mind/cognitive-shuffling; relaxation/breathing-exercises-for-sleep; sleep-sounds/brown-noise-for-sleep; quiet-the-mind/worry-list-before-bed; sleep-questions/when-to-see-a-gp-about-sleep; resources/7-night-quiet-mind-sleep-plan; quiet-the-mind/anxiety-at-night; quiet-the-mind/how-to-stop-overthinking-at-night,sleep-products/best-white-noise-machines-uk; sleep-products/best-sleep-headphones-uk,10,13,falling-asleep/how-to-fall-asleep-faster; falling-asleep/what-to-do-when-you-cant-sleep; quiet-the-mind/anxiety-at-night; quiet-the-mind/cognitive-shuffling; quiet-the-mind/how-to-stop-overthinking-at-night; quiet-the-mind/worry-list-before-bed; relaxation/breathing-exercises-for-sleep; resources/7-night-quiet-mind-sleep-plan; sleep-questions/why-cant-i-sleep; quiet-the-mind
quiet-the-mind/sleep-anxiety,/quiet-the-mind/sleep-anxiety/,supporting,2,quiet-the-mind,falling-asleep/cant-sleep-before-a-big-day; sleep-questions/how-much-sleep-do-adults-need; relaxation/mindfulness-for-sleep; waking-at-night/should-i-get-up-if-i-cant-sleep; quiet-the-mind/anxiety-at-night; resources/7-night-quiet-mind-sleep-plan,sleep-products/best-sleep-headphones-uk; sleep-products/best-white-noise-machines-uk,12,10,falling-asleep/cant-sleep-before-a-big-day; falling-asleep/what-to-do-when-you-cant-sleep; quiet-the-mind/anxiety-at-night; quiet-the-mind/how-to-stop-overthinking-at-night; quiet-the-mind/worry-list-before-bed; relaxation/mindfulness-for-sleep; sleep-questions/when-to-see-a-gp-about-sleep; waking-at-night/cant-get-back-to-sleep; waking-at-night/light-sleeper; waking-at-night/should-i-get-up-if-i-cant-sleep; waking-at-night/why-do-i-wake-up-at-the-same-time-every-night; quiet-the-mind
quiet-the-mind/sunday-night-insomnia,/quiet-the-mind/sunday-night-insomnia/,supporting,3,quiet-the-mind,quiet-the-mind/anxiety-at-night; sleep-habits/consistent-sleep-schedule; sleep-habits/napping-and-night-sleep; sleep-habits/alcohol-and-sleep; quiet-the-mind/worry-list-before-bed; falling-asleep/cant-sleep-before-a-big-day; resources/7-night-quiet-mind-sleep-plan,sleep-products/best-sleep-headphones-uk; sleep-products/best-white-noise-machines-uk,3,11,sleep-habits/consistent-sleep-schedule; sleep-questions/can-you-catch-up-on-sleep; quiet-the-mind
quiet-the-mind/worry-list-before-bed,/quiet-the-mind/worry-list-before-bed/,supporting,3,quiet-the-mind,falling-asleep/bedtime-routine-for-adults; quiet-the-mind/cognitive-shuffling; quiet-the-mind/how-to-stop-overthinking-at-night; quiet-the-mind/sleep-anxiety; resources/7-night-quiet-mind-sleep-plan; quiet-the-mind/racing-thoughts-at-night; falling-asleep/things-to-do-before-bed,sleep-products/best-sleep-headphones-uk; sleep-products/best-white-noise-machines-uk,13,11,falling-asleep/bedtime-routine-for-adults; falling-asleep/cant-sleep-before-a-big-day; quiet-the-mind/anxiety-at-night; quiet-the-mind/cant-switch-off-at-night; quiet-the-mind/cognitive-shuffling; quiet-the-mind/how-to-calm-your-mind-before-bed; quiet-the-mind/how-to-stop-overthinking-at-night; quiet-the-mind/racing-thoughts-at-night; quiet-the-mind/sunday-night-insomnia; resources/7-night-quiet-mind-sleep-plan; resources/sleep-checklist; waking-at-night/waking-up-with-anxiety; quiet-the-mind
relaxation/4-7-8-breathing,/relaxation/4-7-8-breathing/,informational,1,relaxation,relaxation/breathing-exercises-for-sleep; quiet-the-mind/cognitive-shuffling; waking-at-night/cant-get-back-to-sleep; quiet-the-mind/anxiety-at-night; relaxation/box-breathing; relaxation/progressive-muscle-relaxation-for-sleep; resources/7-night-quiet-mind-sleep-plan; falling-asleep/how-to-fall-asleep-faster,sleep-products/best-sleep-headphones-uk; sleep-products/weighted-blankets-guide,5,12,relaxation/bedtime-relaxation-techniques; relaxation/box-breathing; relaxation/breathing-exercises-for-sleep; resources/7-night-quiet-mind-sleep-plan; relaxation
relaxation/bedtime-meditation-for-sleep,/relaxation/bedtime-meditation-for-sleep/,informational,2,relaxation,relaxation/mindfulness-for-sleep; relaxation/body-scan-for-sleep; quiet-the-mind/how-to-calm-your-mind-before-bed; relaxation/guided-relaxation-for-sleep; falling-asleep/bedtime-routine-for-adults; resources/7-night-quiet-mind-sleep-plan,sleep-products/best-sleep-headphones-uk; sleep-products/weighted-blankets-guide,6,11,relaxation/bedtime-relaxation-techniques; relaxation/body-scan-for-sleep; relaxation/mindfulness-for-sleep; relaxation/yoga-nidra-for-sleep; sleep-products/best-sleep-headphones-uk; relaxation
relaxation/bedtime-relaxation-techniques,/relaxation/bedtime-relaxation-techniques/,informational,1,relaxation,falling-asleep/what-to-do-when-you-cant-sleep; relaxation/breathing-exercises-for-sleep; relaxation/4-7-8-breathing; relaxation/box-breathing; relaxation/progressive-muscle-relaxation-for-sleep; relaxation/body-scan-for-sleep; relaxation/bedtime-meditation-for-sleep; relaxation/mindfulness-for-sleep; falling-asleep/military-sleep-method; relaxation/guided-relaxation-for-sleep; relaxation/yoga-nidra-for-sleep; relaxation/bedtime-stretches; sleep-questions/when-to-see-a-gp-about-sleep; resources/7-night-quiet-mind-sleep-plan,sleep-products/weighted-blankets-guide; sleep-products/best-sleep-headphones-uk,5,19,falling-asleep/things-to-do-before-bed; quiet-the-mind/how-to-calm-your-mind-before-bed; sleep-products/weighted-blankets-guide; sleep-sounds/ocean-sounds-for-sleep; relaxation
relaxation/bedtime-stretches,/relaxation/bedtime-stretches/,supporting,3,relaxation,sleep-environment/bedroom-lighting-for-sleep; sleep-habits/exercise-and-sleep; relaxation/breathing-exercises-for-sleep; relaxation/progressive-muscle-relaxation-for-sleep; falling-asleep/bedtime-routine-for-adults; resources/7-night-quiet-mind-sleep-plan,sleep-products/best-sleep-headphones-uk; sleep-products/weighted-blankets-guide,4,10,falling-asleep/things-to-do-before-bed; relaxation/bedtime-relaxation-techniques; sleep-habits/exercise-and-sleep; relaxation
relaxation/body-scan-for-sleep,/relaxation/body-scan-for-sleep/,supporting,2,relaxation,waking-at-night/cant-get-back-to-sleep; relaxation/progressive-muscle-relaxation-for-sleep; relaxation/mindfulness-for-sleep; relaxation/guided-relaxation-for-sleep; resources/7-night-quiet-mind-sleep-plan; relaxation/bedtime-meditation-for-sleep,sleep-products/best-sleep-headphones-uk; sleep-products/weighted-blankets-guide,10,10,falling-asleep/what-to-do-when-you-cant-sleep; quiet-the-mind/cognitive-shuffling; relaxation/bedtime-meditation-for-sleep; relaxation/bedtime-relaxation-techniques; relaxation/guided-relaxation-for-sleep; relaxation/mindfulness-for-sleep; relaxation/progressive-muscle-relaxation-for-sleep; relaxation/yoga-nidra-for-sleep; waking-at-night/cant-get-back-to-sleep; relaxation
relaxation/box-breathing,/relaxation/box-breathing/,supporting,3,relaxation,quiet-the-mind/anxiety-at-night; relaxation/4-7-8-breathing; relaxation/breathing-exercises-for-sleep; falling-asleep/cant-sleep-before-a-big-day; resources/7-night-quiet-mind-sleep-plan,sleep-products/best-sleep-headphones-uk; sleep-products/weighted-blankets-guide,5,9,relaxation/4-7-8-breathing; relaxation/bedtime-relaxation-techniques; relaxation/breathing-exercises-for-sleep; waking-at-night/waking-up-with-anxiety; relaxation
relaxation/breathing-exercises-for-sleep,/relaxation/breathing-exercises-for-sleep/,informational,1,relaxation,sleep-sounds/ocean-sounds-for-sleep; relaxation/progressive-muscle-relaxation-for-sleep; relaxation/4-7-8-breathing; relaxation/box-breathing; quiet-the-mind/racing-thoughts-at-night; falling-asleep/what-to-do-when-you-cant-sleep; sleep-questions/when-to-see-a-gp-about-sleep; resources/7-night-quiet-mind-sleep-plan,sleep-products/best-sleep-headphones-uk; sleep-products/weighted-blankets-guide,19,13,falling-asleep/cant-sleep-before-a-big-day; falling-asleep/how-to-fall-asleep-faster; falling-asleep/military-sleep-method; quiet-the-mind/anxiety-at-night; quiet-the-mind/cognitive-shuffling; quiet-the-mind/racing-thoughts-at-night; relaxation/4-7-8-breathing; relaxation/bedtime-relaxation-techniques; relaxation/bedtime-stretches; relaxation/box-breathing; relaxation/progressive-muscle-relaxation-for-sleep; resources/7-night-quiet-mind-sleep-plan; resources/sleep-checklist; sleep-questions/why-am-i-tired-but-cant-sleep; sleep-sounds/calming-sounds-for-anxiety-at-night; sleep-sounds/ocean-sounds-for-sleep; waking-at-night/cant-get-back-to-sleep; waking-at-night/waking-up-with-anxiety; relaxation
relaxation/guided-relaxation-for-sleep,/relaxation/guided-relaxation-for-sleep/,supporting,3,relaxation,relaxation/body-scan-for-sleep; relaxation/progressive-muscle-relaxation-for-sleep; relaxation/yoga-nidra-for-sleep; sleep-sounds/calming-sounds-for-anxiety-at-night; sleep-products/types-of-sleep-headphones; resources/7-night-quiet-mind-sleep-plan,sleep-products/best-sleep-headphones-uk; sleep-products/weighted-blankets-guide,10,11,falling-asleep/things-to-do-before-bed; relaxation/bedtime-meditation-for-sleep; relaxation/bedtime-relaxation-techniques; relaxation/body-scan-for-sleep; relaxation/progressive-muscle-relaxation-for-sleep; relaxation/yoga-nidra-for-sleep; sleep-products/best-sleep-headphones-uk; sleep-products/types-of-sleep-headphones; sleep-sounds/calming-sounds-for-anxiety-at-night; relaxation
relaxation/mindfulness-for-sleep,/relaxation/mindfulness-for-sleep/,supporting,2,relaxation,quiet-the-mind/sleep-anxiety; relaxation/body-scan-for-sleep; waking-at-night/should-i-get-up-if-i-cant-sleep; sleep-questions/when-to-see-a-gp-about-sleep; relaxation/bedtime-meditation-for-sleep; resources/7-night-quiet-mind-sleep-plan,sleep-products/best-sleep-headphones-uk; sleep-products/weighted-blankets-guide,8,10,quiet-the-mind/sleep-anxiety; relaxation/bedtime-meditation-for-sleep; relaxation/bedtime-relaxation-techniques; relaxation/body-scan-for-sleep; relaxation/progressive-muscle-relaxation-for-sleep; resources/sleep-checklist; sleep-sounds/calming-sounds-for-anxiety-at-night; relaxation
relaxation/progressive-muscle-relaxation-for-sleep,/relaxation/progressive-muscle-relaxation-for-sleep/,informational,1,relaxation,quiet-the-mind/cant-switch-off-at-night; relaxation/breathing-exercises-for-sleep; relaxation/mindfulness-for-sleep; relaxation/body-scan-for-sleep; sleep-questions/when-to-see-a-gp-about-sleep; relaxation/guided-relaxation-for-sleep; resources/7-night-quiet-mind-sleep-plan,sleep-products/best-sleep-headphones-uk; sleep-products/weighted-blankets-guide,11,12,falling-asleep/bedtime-routine-for-adults; falling-asleep/military-sleep-method; quiet-the-mind/how-to-calm-your-mind-before-bed; relaxation/4-7-8-breathing; relaxation/bedtime-relaxation-techniques; relaxation/bedtime-stretches; relaxation/body-scan-for-sleep; relaxation/breathing-exercises-for-sleep; relaxation/guided-relaxation-for-sleep; sleep-products/weighted-blankets-guide; relaxation
relaxation/yoga-nidra-for-sleep,/relaxation/yoga-nidra-for-sleep/,supporting,3,relaxation,relaxation/body-scan-for-sleep; sleep-habits/napping-and-night-sleep; relaxation/guided-relaxation-for-sleep; waking-at-night/cant-get-back-to-sleep; resources/7-night-quiet-mind-sleep-plan; relaxation/bedtime-meditation-for-sleep,sleep-products/best-sleep-headphones-uk; sleep-products/weighted-blankets-guide,3,10,relaxation/bedtime-relaxation-techniques; relaxation/guided-relaxation-for-sleep; relaxation
resources/7-night-quiet-mind-sleep-plan,/resources/7-night-quiet-mind-sleep-plan/,resource,2,resources,sleep-questions/when-to-see-a-gp-about-sleep; sleep-habits/consistent-sleep-schedule; sleep-habits/morning-routine-for-better-sleep; falling-asleep/bedtime-routine-for-adults; sleep-habits/screens-before-bed; quiet-the-mind/worry-list-before-bed; quiet-the-mind/racing-thoughts-at-night; sleep-environment/bedroom-setup-for-better-sleep; sleep-environment/best-temperature-for-sleep; relaxation/breathing-exercises-for-sleep; relaxation/4-7-8-breathing; waking-at-night/should-i-get-up-if-i-cant-sleep; falling-asleep/what-to-do-when-you-cant-sleep; resources/sleep-checklist; sleep-habits/caffeine-and-sleep; resources/7-night-quiet-mind-sleep-plan; sleep-habits/sleep-hygiene; quiet-the-mind/how-to-calm-your-mind-before-bed,,56,20,falling-asleep/bedtime-routine-for-adults; falling-asleep/cant-sleep-before-a-big-day; falling-asleep/difficulty-falling-asleep; falling-asleep/how-to-fall-asleep-faster; falling-asleep/how-to-sleep-when-not-tired; falling-asleep/military-sleep-method; falling-asleep/things-to-do-before-bed; falling-asleep/what-to-do-when-you-cant-sleep; quiet-the-mind/anxiety-at-night; quiet-the-mind/cant-switch-off-at-night; quiet-the-mind/cognitive-shuffling; quiet-the-mind/how-to-calm-your-mind-before-bed; quiet-the-mind/how-to-stop-overthinking-at-night; quiet-the-mind/racing-thoughts-at-night; quiet-the-mind/sleep-anxiety; quiet-the-mind/sunday-night-insomnia; quiet-the-mind/worry-list-before-bed; relaxation/4-7-8-breathing; relaxation/bedtime-meditation-for-sleep; relaxation/bedtime-relaxation-techniques; relaxation/bedtime-stretches; relaxation/body-scan-for-sleep; relaxation/box-breathing; relaxation/breathing-exercises-for-sleep; relaxation/guided-relaxation-for-sleep; relaxation/mindfulness-for-sleep; relaxation/progressive-muscle-relaxation-for-sleep; relaxation/yoga-nidra-for-sleep; resources/7-night-quiet-mind-sleep-plan; resources/sleep-checklist; sleep-environment/bedroom-lighting-for-sleep; sleep-environment/bedroom-setup-for-better-sleep; sleep-habits/alcohol-and-sleep; sleep-habits/caffeine-and-sleep; sleep-habits/consistent-sleep-schedule; sleep-habits/eating-before-bed; sleep-habits/exercise-and-sleep; sleep-habits/how-to-fix-your-sleep-schedule; sleep-habits/morning-routine-for-better-sleep; sleep-habits/napping-and-night-sleep; sleep-habits/screens-before-bed; sleep-habits/sleep-hygiene; sleep-questions/can-you-catch-up-on-sleep; sleep-questions/why-am-i-tired-but-cant-sleep; sleep-questions/why-cant-i-sleep; sleep-sounds/calming-sounds-for-anxiety-at-night; sleep-sounds/is-it-bad-to-sleep-with-white-noise-on; waking-at-night/cant-get-back-to-sleep; waking-at-night/light-sleeper; waking-at-night/should-i-get-up-if-i-cant-sleep; waking-at-night/waking-up-at-3am; waking-at-night/waking-up-hot-at-night; waking-at-night/waking-up-in-the-middle-of-the-night; waking-at-night/waking-up-too-early; waking-at-night/waking-up-with-anxiety; waking-at-night/why-do-i-wake-up-at-the-same-time-every-night
resources/sleep-checklist,/resources/sleep-checklist/,resource,3,resources,resources/7-night-quiet-mind-sleep-plan; sleep-environment/how-to-make-bedroom-darker; sleep-environment/best-temperature-for-sleep; sleep-environment/how-to-block-out-noise-at-night; waking-at-night/waking-up-at-3am; sleep-environment/bedding-and-sleep; sleep-habits/consistent-sleep-schedule; sleep-habits/morning-routine-for-better-sleep; sleep-habits/caffeine-and-sleep; sleep-habits/alcohol-and-sleep; sleep-habits/exercise-and-sleep; sleep-habits/napping-and-night-sleep; sleep-habits/eating-before-bed; falling-asleep/bedtime-routine-for-adults; sleep-habits/screens-before-bed; sleep-questions/why-do-i-get-a-second-wind-at-night; sleep-questions/how-much-sleep-do-adults-need; quiet-the-mind/worry-list-before-bed; relaxation/breathing-exercises-for-sleep; waking-at-night/should-i-get-up-if-i-cant-sleep; relaxation/mindfulness-for-sleep; sleep-questions/when-to-see-a-gp-about-sleep; sleep-environment/bedroom-setup-for-better-sleep; sleep-habits/sleep-hygiene,,4,26,resources/7-night-quiet-mind-sleep-plan; sleep-environment/bedroom-setup-for-better-sleep; sleep-habits/sleep-hygiene; sleep-questions/why-cant-i-sleep
sleep-environment/bedding-and-sleep,/sleep-environment/bedding-and-sleep/,supporting,3,sleep-environment,sleep-environment/best-temperature-for-sleep; sleep-environment/how-to-sleep-when-its-hot; sleep-environment/how-to-sleep-when-its-cold; sleep-products/best-pillows-for-side-sleepers-uk; sleep-products/best-cooling-pillows-uk; waking-at-night/waking-up-hot-at-night; sleep-products/mattress-buying-guide-uk,sleep-products/best-sleep-masks-uk; sleep-products/best-blackout-curtains-uk; sleep-products/best-earplugs-for-sleeping-uk,11,12,resources/sleep-checklist; sleep-environment/bedroom-setup-for-better-sleep; sleep-environment/best-temperature-for-sleep; sleep-environment/how-to-sleep-when-its-cold; sleep-environment/how-to-sleep-when-its-hot; sleep-products/best-cooling-pillows-uk; sleep-products/best-pillows-for-side-sleepers-uk; sleep-products/mattress-buying-guide-uk; sleep-products/weighted-blankets-guide; waking-at-night/waking-up-hot-at-night; sleep-environment
sleep-environment/bedroom-lighting-for-sleep,/sleep-environment/bedroom-lighting-for-sleep/,supporting,2,sleep-environment,sleep-questions/does-reading-before-bed-help-you-sleep; sleep-habits/screens-before-bed; sleep-environment/how-to-make-bedroom-darker; sleep-habits/morning-routine-for-better-sleep; resources/7-night-quiet-mind-sleep-plan,sleep-products/best-sleep-masks-uk; sleep-products/best-blackout-curtains-uk; sleep-products/best-earplugs-for-sleeping-uk,13,10,falling-asleep/how-to-sleep-when-not-tired; quiet-the-mind/how-to-calm-your-mind-before-bed; relaxation/bedtime-stretches; sleep-environment/bedroom-setup-for-better-sleep; sleep-environment/how-to-make-bedroom-darker; sleep-habits/morning-routine-for-better-sleep; sleep-habits/screens-before-bed; sleep-products/best-blackout-curtains-uk; sleep-questions/does-reading-before-bed-help-you-sleep; sleep-questions/is-it-bad-to-sleep-with-the-light-on; sleep-questions/why-do-i-get-a-second-wind-at-night; waking-at-night/waking-up-too-early; sleep-environment
sleep-environment/bedroom-setup-for-better-sleep,/sleep-environment/bedroom-setup-for-better-sleep/,informational,2,sleep-environment,sleep-environment/how-to-make-bedroom-darker; sleep-environment/bedroom-lighting-for-sleep; sleep-environment/how-to-block-out-noise-at-night; sleep-environment/best-temperature-for-sleep; sleep-products/mattress-buying-guide-uk; sleep-environment/bedding-and-sleep; resources/sleep-checklist; resources/7-night-quiet-mind-sleep-plan; sleep-environment/how-to-sleep-when-its-hot; sleep-habits/screens-before-bed; sleep-habits/sleep-hygiene,sleep-products/best-sleep-masks-uk; sleep-products/best-blackout-curtains-uk; sleep-products/best-pillows-for-side-sleepers-uk; sleep-products/best-earplugs-for-sleeping-uk,7,18,falling-asleep/difficulty-falling-asleep; resources/7-night-quiet-mind-sleep-plan; resources/sleep-checklist; sleep-products/best-pillows-for-side-sleepers-uk; sleep-products/mattress-buying-guide-uk; sleep-questions/why-cant-i-sleep; sleep-environment
sleep-environment/best-temperature-for-sleep,/sleep-environment/best-temperature-for-sleep/,informational,1,sleep-environment,sleep-questions/when-to-see-a-gp-about-sleep; waking-at-night/waking-up-too-early; sleep-environment/how-to-sleep-when-its-cold; sleep-environment/how-to-sleep-when-its-hot; waking-at-night/waking-up-hot-at-night,sleep-products/best-cooling-pillows-uk; sleep-environment/bedding-and-sleep; sleep-products/best-sleep-masks-uk; sleep-products/best-blackout-curtains-uk,14,11,falling-asleep/how-to-fall-asleep-faster; resources/7-night-quiet-mind-sleep-plan; resources/sleep-checklist; sleep-environment/bedding-and-sleep; sleep-environment/bedroom-setup-for-better-sleep; sleep-environment/how-to-make-bedroom-darker; sleep-environment/how-to-sleep-when-its-cold; sleep-environment/how-to-sleep-when-its-hot; sleep-habits/exercise-and-sleep; sleep-products/best-cooling-pillows-uk; sleep-products/weighted-blankets-guide; waking-at-night/waking-up-hot-at-night; waking-at-night/waking-up-in-the-middle-of-the-night; sleep-environment
sleep-environment/earplugs-vs-white-noise,/sleep-environment/earplugs-vs-white-noise/,commercial,3,sleep-environment,sleep-sounds/white-noise-for-sleep; sleep-questions/is-it-ok-to-sleep-with-earplugs-every-night; sleep-environment/how-to-block-out-noise-at-night; waking-at-night/light-sleeper,sleep-products/best-earplugs-for-sleeping-uk; sleep-products/best-white-noise-machines-uk; sleep-products/best-sleep-masks-uk; sleep-products/best-blackout-curtains-uk,11,10,sleep-environment/how-to-block-out-noise-at-night; sleep-environment/how-to-sleep-with-a-snoring-partner; sleep-products/best-earplugs-for-sleeping-uk; sleep-products/best-white-noise-machines-uk; sleep-products/how-to-choose-a-white-noise-machine; sleep-products/types-of-earplugs-for-sleep; sleep-questions/is-it-ok-to-sleep-with-earplugs-every-night; sleep-sounds/is-it-bad-to-sleep-with-white-noise-on; sleep-sounds/white-noise-for-sleep; waking-at-night/light-sleeper; sleep-environment
sleep-environment/how-to-block-out-noise-at-night,/sleep-environment/how-to-block-out-noise-at-night/,informational,1,sleep-environment,sleep-environment/how-to-sleep-with-a-snoring-partner; sleep-sounds/white-noise-for-sleep; sleep-questions/is-it-ok-to-sleep-with-earplugs-every-night; sleep-environment/earplugs-vs-white-noise; waking-at-night/light-sleeper; waking-at-night/waking-up-in-the-middle-of-the-night,sleep-products/best-earplugs-for-sleeping-uk; sleep-products/best-white-noise-machines-uk; sleep-products/best-sleep-headphones-uk; sleep-products/best-sleep-masks-uk,20,12,resources/sleep-checklist; sleep-environment/bedroom-setup-for-better-sleep; sleep-environment/earplugs-vs-white-noise; sleep-environment/how-to-sleep-when-its-hot; sleep-products/best-earplugs-for-sleeping-uk; sleep-products/best-white-noise-machines-uk; sleep-products/how-to-choose-a-white-noise-machine; sleep-products/types-of-earplugs-for-sleep; sleep-questions/is-it-ok-to-sleep-with-earplugs-every-night; sleep-sounds/brown-noise-for-sleep; sleep-sounds/brown-noise-vs-white-noise; sleep-sounds/is-it-bad-to-sleep-with-white-noise-on; sleep-sounds/nature-sounds-for-sleep; sleep-sounds/pink-noise-for-sleep; sleep-sounds/pink-noise-vs-white-noise; sleep-sounds/white-noise-for-sleep; waking-at-night/light-sleeper; waking-at-night/waking-up-in-the-middle-of-the-night; waking-at-night/why-do-i-wake-up-at-the-same-time-every-night; sleep-environment
sleep-environment/how-to-make-bedroom-darker,/sleep-environment/how-to-make-bedroom-darker/,informational,1,sleep-environment,waking-at-night/waking-up-too-early; sleep-habits/screens-before-bed; sleep-environment/best-temperature-for-sleep; sleep-environment/sleep-mask-vs-blackout-curtains; sleep-questions/is-it-bad-to-sleep-with-the-light-on; sleep-environment/bedroom-lighting-for-sleep,sleep-products/best-sleep-masks-uk; sleep-products/best-blackout-curtains-uk; sleep-products/best-earplugs-for-sleeping-uk,14,11,resources/sleep-checklist; sleep-environment/bedroom-lighting-for-sleep; sleep-environment/bedroom-setup-for-better-sleep; sleep-environment/how-to-sleep-when-its-cold; sleep-environment/how-to-sleep-when-its-hot; sleep-environment/sleep-mask-vs-blackout-curtains; sleep-habits/how-to-fix-your-sleep-schedule; sleep-habits/sleep-hygiene; sleep-products/best-blackout-curtains-uk; sleep-products/best-sleep-masks-uk; sleep-questions/does-a-sleep-mask-help-you-sleep; sleep-questions/is-it-bad-to-sleep-with-the-light-on; waking-at-night/waking-up-too-early; sleep-environment
sleep-environment/how-to-sleep-when-its-cold,/sleep-environment/how-to-sleep-when-its-cold/,supporting,3,sleep-environment,sleep-environment/how-to-make-bedroom-darker; waking-at-night/waking-up-hot-at-night; sleep-environment/best-temperature-for-sleep,sleep-environment/bedding-and-sleep; sleep-products/best-sleep-masks-uk; sleep-products/best-blackout-curtains-uk; sleep-products/best-earplugs-for-sleeping-uk,3,8,sleep-environment/bedding-and-sleep; sleep-environment/best-temperature-for-sleep; sleep-environment
sleep-environment/how-to-sleep-when-its-hot,/sleep-environment/how-to-sleep-when-its-hot/,informational,1,sleep-environment,sleep-environment/how-to-block-out-noise-at-night; sleep-environment/how-to-make-bedroom-darker; waking-at-night/waking-up-hot-at-night; sleep-environment/best-temperature-for-sleep,sleep-products/best-cooling-pillows-uk; sleep-environment/bedding-and-sleep; sleep-products/best-sleep-masks-uk; sleep-products/best-blackout-curtains-uk,7,10,sleep-environment/bedding-and-sleep; sleep-environment/bedroom-setup-for-better-sleep; sleep-environment/best-temperature-for-sleep; sleep-products/best-blackout-curtains-uk; sleep-products/best-cooling-pillows-uk; waking-at-night/waking-up-hot-at-night; sleep-environment
sleep-environment/how-to-sleep-with-a-snoring-partner,/sleep-environment/how-to-sleep-with-a-snoring-partner/,informational,2,sleep-environment,sleep-questions/is-it-ok-to-sleep-with-earplugs-every-night; sleep-environment/earplugs-vs-white-noise; sleep-products/types-of-sleep-headphones; sleep-questions/when-to-see-a-gp-about-sleep; waking-at-night/cant-get-back-to-sleep,sleep-products/best-earplugs-for-sleeping-uk; sleep-products/best-white-noise-machines-uk; sleep-products/best-sleep-headphones-uk; sleep-products/best-sleep-masks-uk,8,12,sleep-environment/how-to-block-out-noise-at-night; sleep-habits/alcohol-and-sleep; sleep-products/best-earplugs-for-sleeping-uk; sleep-products/best-sleep-headphones-uk; sleep-products/types-of-sleep-headphones; sleep-questions/when-to-see-a-gp-about-sleep; sleep-sounds/brown-noise-vs-white-noise; sleep-environment
sleep-environment/sleep-mask-vs-blackout-curtains,/sleep-environment/sleep-mask-vs-blackout-curtains/,commercial,2,sleep-environment,sleep-environment/how-to-make-bedroom-darker; sleep-questions/does-a-sleep-mask-help-you-sleep; waking-at-night/waking-up-too-early,sleep-products/best-sleep-masks-uk; sleep-products/best-blackout-curtains-uk; sleep-products/best-earplugs-for-sleeping-uk,6,8,sleep-environment/how-to-make-bedroom-darker; sleep-products/best-blackout-curtains-uk; sleep-products/best-sleep-masks-uk; sleep-questions/does-a-sleep-mask-help-you-sleep; waking-at-night/waking-up-too-early; sleep-environment
sleep-habits/alcohol-and-sleep,/sleep-habits/alcohol-and-sleep/,informational,2,sleep-habits,waking-at-night/waking-up-at-3am; waking-at-night/waking-up-hot-at-night; sleep-environment/how-to-sleep-with-a-snoring-partner; waking-at-night/cant-get-back-to-sleep; quiet-the-mind/how-to-calm-your-mind-before-bed; resources/7-night-quiet-mind-sleep-plan; sleep-habits/sleep-hygiene; sleep-habits/eating-before-bed,sleep-products/best-sleep-masks-uk,7,11,quiet-the-mind/sunday-night-insomnia; resources/sleep-checklist; sleep-habits/eating-before-bed; waking-at-night/waking-up-at-3am; waking-at-night/waking-up-hot-at-night; waking-at-night/waking-up-with-anxiety; sleep-habits
sleep-habits/caffeine-and-sleep,/sleep-habits/caffeine-and-sleep/,informational,2,sleep-habits,waking-at-night/waking-up-in-the-middle-of-the-night; sleep-habits/morning-routine-for-better-sleep; sleep-habits/napping-and-night-sleep; sleep-questions/why-am-i-tired-but-cant-sleep; resources/7-night-quiet-mind-sleep-plan; sleep-habits/sleep-hygiene,sleep-products/best-sleep-masks-uk,11,9,falling-asleep/how-to-fall-asleep-faster; quiet-the-mind/anxiety-at-night; resources/7-night-quiet-mind-sleep-plan; resources/sleep-checklist; sleep-habits/eating-before-bed; sleep-habits/morning-routine-for-better-sleep; sleep-habits/napping-and-night-sleep; sleep-habits/sleep-hygiene; sleep-questions/why-am-i-tired-but-cant-sleep; sleep-questions/why-cant-i-sleep; sleep-habits
sleep-habits/consistent-sleep-schedule,/sleep-habits/consistent-sleep-schedule/,supporting,2,sleep-habits,quiet-the-mind/sunday-night-insomnia; sleep-questions/can-you-catch-up-on-sleep; sleep-habits/morning-routine-for-better-sleep; sleep-habits/how-to-fix-your-sleep-schedule; waking-at-night/waking-up-too-early; resources/7-night-quiet-mind-sleep-plan,sleep-products/best-sleep-masks-uk,15,9,falling-asleep/bedtime-routine-for-adults; falling-asleep/difficulty-falling-asleep; quiet-the-mind/sunday-night-insomnia; resources/7-night-quiet-mind-sleep-plan; resources/sleep-checklist; sleep-habits/how-to-fix-your-sleep-schedule; sleep-habits/morning-routine-for-better-sleep; sleep-habits/sleep-hygiene; sleep-questions/can-you-catch-up-on-sleep; sleep-questions/how-much-sleep-do-adults-need; waking-at-night/light-sleeper; waking-at-night/should-i-get-up-if-i-cant-sleep; waking-at-night/waking-up-too-early; waking-at-night/why-do-i-wake-up-at-the-same-time-every-night; sleep-habits
sleep-habits/eating-before-bed,/sleep-habits/eating-before-bed/,supporting,3,sleep-habits,waking-at-night/waking-up-hot-at-night; waking-at-night/waking-up-in-the-middle-of-the-night; sleep-habits/alcohol-and-sleep; sleep-habits/caffeine-and-sleep; resources/7-night-quiet-mind-sleep-plan; sleep-habits/sleep-hygiene,sleep-products/best-sleep-masks-uk,4,9,falling-asleep/things-to-do-before-bed; resources/sleep-checklist; sleep-habits/alcohol-and-sleep; sleep-habits
sleep-habits/exercise-and-sleep,/sleep-habits/exercise-and-sleep/,informational,2,sleep-habits,sleep-questions/why-do-i-get-a-second-wind-at-night; sleep-habits/morning-routine-for-better-sleep; relaxation/bedtime-stretches; sleep-environment/best-temperature-for-sleep; sleep-habits/sleep-hygiene; resources/7-night-quiet-mind-sleep-plan,sleep-products/best-sleep-masks-uk,5,9,relaxation/bedtime-stretches; resources/sleep-checklist; sleep-habits/morning-routine-for-better-sleep; waking-at-night/waking-up-hot-at-night; sleep-habits
sleep-habits/how-to-fix-your-sleep-schedule,/sleep-habits/how-to-fix-your-sleep-schedule/,informational,1,sleep-habits,sleep-habits/morning-routine-for-better-sleep; sleep-habits/consistent-sleep-schedule; sleep-environment/how-to-make-bedroom-darker; falling-asleep/how-to-sleep-when-not-tired; sleep-questions/can-you-catch-up-on-sleep; sleep-questions/when-to-see-a-gp-about-sleep; resources/7-night-quiet-mind-sleep-plan,sleep-products/best-sleep-masks-uk,11,11,falling-asleep/difficulty-falling-asleep; falling-asleep/how-to-sleep-when-not-tired; sleep-habits/consistent-sleep-schedule; sleep-habits/morning-routine-for-better-sleep; sleep-habits/screens-before-bed; sleep-habits/sleep-hygiene; sleep-questions/can-you-catch-up-on-sleep; sleep-questions/why-cant-i-sleep; sleep-questions/why-do-i-get-a-second-wind-at-night; waking-at-night/waking-up-too-early; sleep-habits
sleep-habits/morning-routine-for-better-sleep,/sleep-habits/morning-routine-for-better-sleep/,supporting,3,sleep-habits,sleep-habits/consistent-sleep-schedule; waking-at-night/waking-up-too-early; sleep-environment/bedroom-lighting-for-sleep; sleep-habits/exercise-and-sleep; sleep-habits/caffeine-and-sleep; sleep-habits/how-to-fix-your-sleep-schedule; resources/7-night-quiet-mind-sleep-plan,sleep-products/best-sleep-masks-uk,9,10,resources/7-night-quiet-mind-sleep-plan; resources/sleep-checklist; sleep-environment/bedroom-lighting-for-sleep; sleep-habits/caffeine-and-sleep; sleep-habits/consistent-sleep-schedule; sleep-habits/exercise-and-sleep; sleep-habits/how-to-fix-your-sleep-schedule; sleep-questions/why-do-i-get-a-second-wind-at-night; sleep-habits
sleep-habits/napping-and-night-sleep,/sleep-habits/napping-and-night-sleep/,supporting,3,sleep-habits,falling-asleep/how-to-sleep-when-not-tired; sleep-questions/why-am-i-tired-but-cant-sleep; sleep-habits/caffeine-and-sleep; resources/7-night-quiet-mind-sleep-plan; sleep-questions/can-you-catch-up-on-sleep,sleep-products/best-sleep-masks-uk,8,9,falling-asleep/how-to-sleep-when-not-tired; quiet-the-mind/sunday-night-insomnia; relaxation/yoga-nidra-for-sleep; resources/sleep-checklist; sleep-habits/caffeine-and-sleep; sleep-questions/can-you-catch-up-on-sleep; sleep-questions/how-much-sleep-do-adults-need; sleep-habits
sleep-habits/screens-before-bed,/sleep-habits/screens-before-bed/,informational,2,sleep-habits,quiet-the-mind/cant-switch-off-at-night; sleep-habits/how-to-fix-your-sleep-schedule; sleep-environment/bedroom-lighting-for-sleep; falling-asleep/bedtime-routine-for-adults; sleep-questions/does-reading-before-bed-help-you-sleep; resources/7-night-quiet-mind-sleep-plan; sleep-habits/sleep-hygiene,sleep-products/best-sleep-masks-uk,11,10,falling-asleep/bedtime-routine-for-adults; quiet-the-mind/cant-switch-off-at-night; resources/7-night-quiet-mind-sleep-plan; resources/sleep-checklist; sleep-environment/bedroom-lighting-for-sleep; sleep-environment/bedroom-setup-for-better-sleep; sleep-environment/how-to-make-bedroom-darker; sleep-habits/sleep-hygiene; sleep-questions/does-reading-before-bed-help-you-sleep; sleep-questions/why-am-i-tired-but-cant-sleep; sleep-habits
sleep-habits/sleep-hygiene,/sleep-habits/sleep-hygiene/,informational,1,sleep-habits,resources/sleep-checklist; sleep-habits/consistent-sleep-schedule; sleep-habits/caffeine-and-sleep; waking-at-night/should-i-get-up-if-i-cant-sleep; sleep-environment/how-to-make-bedroom-darker; sleep-habits/screens-before-bed; sleep-questions/when-to-see-a-gp-about-sleep; resources/7-night-quiet-mind-sleep-plan; sleep-habits/how-to-fix-your-sleep-schedule; falling-asleep/bedtime-routine-for-adults,sleep-products/best-sleep-masks-uk,11,14,resources/7-night-quiet-mind-sleep-plan; resources/sleep-checklist; sleep-environment/bedroom-setup-for-better-sleep; sleep-habits/alcohol-and-sleep; sleep-habits/caffeine-and-sleep; sleep-habits/eating-before-bed; sleep-habits/exercise-and-sleep; sleep-habits/screens-before-bed; sleep-questions/when-to-see-a-gp-about-sleep; sleep-questions/why-cant-i-sleep; sleep-habits
sleep-products/best-blackout-curtains-uk,/sleep-products/best-blackout-curtains-uk/,commercial,2,sleep-products,waking-at-night/waking-up-too-early; sleep-environment/sleep-mask-vs-blackout-curtains; sleep-environment/how-to-sleep-when-its-hot; sleep-products/best-sleep-masks-uk; sleep-environment/bedroom-lighting-for-sleep; sleep-environment/how-to-make-bedroom-darker,,13,8,sleep-environment/bedding-and-sleep; sleep-environment/bedroom-lighting-for-sleep; sleep-environment/bedroom-setup-for-better-sleep; sleep-environment/best-temperature-for-sleep; sleep-environment/earplugs-vs-white-noise; sleep-environment/how-to-make-bedroom-darker; sleep-environment/how-to-sleep-when-its-cold; sleep-environment/how-to-sleep-when-its-hot; sleep-environment/sleep-mask-vs-blackout-curtains; sleep-products/best-sleep-masks-uk; waking-at-night/waking-up-too-early; sleep-environment; sleep-products
sleep-products/best-cooling-pillows-uk,/sleep-products/best-cooling-pillows-uk/,commercial,3,sleep-products,waking-at-night/waking-up-hot-at-night; sleep-environment/how-to-sleep-when-its-hot; sleep-environment/best-temperature-for-sleep; sleep-products/best-pillows-for-side-sleepers-uk; sleep-environment/bedding-and-sleep,,6,7,sleep-environment/bedding-and-sleep; sleep-environment/best-temperature-for-sleep; sleep-environment/how-to-sleep-when-its-hot; sleep-products/best-pillows-for-side-sleepers-uk; waking-at-night/waking-up-hot-at-night; sleep-products
sleep-products/best-earplugs-for-sleeping-uk,/sleep-products/best-earplugs-for-sleeping-uk/,commercial,1,sleep-products,sleep-products/types-of-earplugs-for-sleep; waking-at-night/light-sleeper; sleep-questions/is-it-ok-to-sleep-with-earplugs-every-night; sleep-products/best-white-noise-machines-uk; sleep-environment/earplugs-vs-white-noise; sleep-environment/how-to-block-out-noise-at-night; sleep-environment/how-to-sleep-with-a-snoring-partner,,26,9,sleep-environment/bedding-and-sleep; sleep-environment/bedroom-lighting-for-sleep; sleep-environment/bedroom-setup-for-better-sleep; sleep-environment/earplugs-vs-white-noise; sleep-environment/how-to-block-out-noise-at-night; sleep-environment/how-to-make-bedroom-darker; sleep-environment/how-to-sleep-when-its-cold; sleep-environment/how-to-sleep-with-a-snoring-partner; sleep-environment/sleep-mask-vs-blackout-curtains; sleep-products/best-sleep-headphones-uk; sleep-products/best-white-noise-machines-uk; sleep-products/types-of-earplugs-for-sleep; sleep-products/types-of-sleep-headphones; sleep-questions/is-it-ok-to-sleep-with-earplugs-every-night; waking-at-night/cant-get-back-to-sleep; waking-at-night/light-sleeper; waking-at-night/should-i-get-up-if-i-cant-sleep; waking-at-night/waking-up-at-3am; waking-at-night/waking-up-hot-at-night; waking-at-night/waking-up-in-the-middle-of-the-night; waking-at-night/waking-up-too-early; waking-at-night/waking-up-with-anxiety; waking-at-night/why-do-i-wake-up-at-the-same-time-every-night; waking-at-night; sleep-environment; sleep-products
sleep-products/best-pillows-for-side-sleepers-uk,/sleep-products/best-pillows-for-side-sleepers-uk/,commercial,2,sleep-products,sleep-products/mattress-buying-guide-uk; waking-at-night/waking-up-hot-at-night; sleep-products/best-cooling-pillows-uk; sleep-environment/bedroom-setup-for-better-sleep; sleep-environment/bedding-and-sleep,,5,7,sleep-environment/bedding-and-sleep; sleep-environment/bedroom-setup-for-better-sleep; sleep-products/best-cooling-pillows-uk; sleep-products/mattress-buying-guide-uk; sleep-products
sleep-products/best-sleep-headphones-uk,/sleep-products/best-sleep-headphones-uk/,commercial,1,sleep-products,sleep-products/types-of-sleep-headphones; relaxation/guided-relaxation-for-sleep; sleep-environment/how-to-sleep-with-a-snoring-partner; sleep-products/best-earplugs-for-sleeping-uk; sleep-products/best-white-noise-machines-uk; sleep-sounds/brown-noise-for-sleep; relaxation/bedtime-meditation-for-sleep,,41,9,falling-asleep/things-to-do-before-bed; falling-asleep/what-to-do-when-you-cant-sleep; quiet-the-mind/anxiety-at-night; quiet-the-mind/cant-switch-off-at-night; quiet-the-mind/cognitive-shuffling; quiet-the-mind/how-to-calm-your-mind-before-bed; quiet-the-mind/how-to-stop-overthinking-at-night; quiet-the-mind/racing-thoughts-at-night; quiet-the-mind/sleep-anxiety; quiet-the-mind/sunday-night-insomnia; quiet-the-mind/worry-list-before-bed; relaxation/4-7-8-breathing; relaxation/bedtime-meditation-for-sleep; relaxation/bedtime-relaxation-techniques; relaxation/bedtime-stretches; relaxation/body-scan-for-sleep; relaxation/box-breathing; relaxation/breathing-exercises-for-sleep; relaxation/guided-relaxation-for-sleep; relaxation/mindfulness-for-sleep; relaxation/progressive-muscle-relaxation-for-sleep; relaxation/yoga-nidra-for-sleep; sleep-environment/how-to-block-out-noise-at-night; sleep-environment/how-to-sleep-with-a-snoring-partner; sleep-products/best-sleep-masks-uk; sleep-products/types-of-sleep-headphones; sleep-sounds/brown-noise-for-sleep; sleep-sounds/brown-noise-vs-white-noise; sleep-sounds/calming-sounds-for-anxiety-at-night; sleep-sounds/is-it-bad-to-sleep-with-white-noise-on; sleep-sounds/nature-sounds-for-sleep; sleep-sounds/ocean-sounds-for-sleep; sleep-sounds/pink-noise-for-sleep; sleep-sounds/pink-noise-vs-white-noise; sleep-sounds/rain-sounds-for-sleep; sleep-sounds/white-noise-for-sleep; waking-at-night/cant-get-back-to-sleep; quiet-the-mind; sleep-sounds; relaxation; sleep-products
sleep-products/best-sleep-masks-uk,/sleep-products/best-sleep-masks-uk/,commercial,1,sleep-products,waking-at-night/waking-up-too-early; sleep-questions/does-a-sleep-mask-help-you-sleep; sleep-products/best-sleep-headphones-uk; sleep-environment/sleep-mask-vs-blackout-curtains; sleep-environment/how-to-make-bedroom-darker; sleep-products/best-blackout-curtains-uk; sleep-questions/is-it-bad-to-sleep-with-the-light-on,,56,9,falling-asleep/bedtime-routine-for-adults; falling-asleep/cant-sleep-before-a-big-day; falling-asleep/difficulty-falling-asleep; falling-asleep/how-long-should-it-take-to-fall-asleep; falling-asleep/how-to-fall-asleep-faster; falling-asleep/how-to-sleep-when-not-tired; falling-asleep/military-sleep-method; falling-asleep/things-to-do-before-bed; falling-asleep/what-to-do-when-you-cant-sleep; sleep-environment/bedding-and-sleep; sleep-environment/bedroom-lighting-for-sleep; sleep-environment/bedroom-setup-for-better-sleep; sleep-environment/best-temperature-for-sleep; sleep-environment/earplugs-vs-white-noise; sleep-environment/how-to-block-out-noise-at-night; sleep-environment/how-to-make-bedroom-darker; sleep-environment/how-to-sleep-when-its-cold; sleep-environment/how-to-sleep-when-its-hot; sleep-environment/how-to-sleep-with-a-snoring-partner; sleep-environment/sleep-mask-vs-blackout-curtains; sleep-habits/alcohol-and-sleep; sleep-habits/caffeine-and-sleep; sleep-habits/consistent-sleep-schedule; sleep-habits/eating-before-bed; sleep-habits/exercise-and-sleep; sleep-habits/how-to-fix-your-sleep-schedule; sleep-habits/morning-routine-for-better-sleep; sleep-habits/napping-and-night-sleep; sleep-habits/screens-before-bed; sleep-habits/sleep-hygiene; sleep-products/best-blackout-curtains-uk; sleep-questions/can-you-catch-up-on-sleep; sleep-questions/does-a-sleep-mask-help-you-sleep; sleep-questions/does-reading-before-bed-help-you-sleep; sleep-questions/how-much-sleep-do-adults-need; sleep-questions/is-it-bad-to-sleep-with-the-light-on; sleep-questions/is-it-ok-to-sleep-with-earplugs-every-night; sleep-questions/when-to-see-a-gp-about-sleep; sleep-questions/why-am-i-tired-but-cant-sleep; sleep-questions/why-cant-i-sleep; sleep-questions/why-do-i-get-a-second-wind-at-night; waking-at-night/cant-get-back-to-sleep; waking-at-night/light-sleeper; waking-at-night/should-i-get-up-if-i-cant-sleep; waking-at-night/waking-up-at-3am; waking-at-night/waking-up-hot-at-night; waking-at-night/waking-up-in-the-middle-of-the-night; waking-at-night/waking-up-too-early; waking-at-night/waking-up-with-anxiety; waking-at-night/why-do-i-wake-up-at-the-same-time-every-night; falling-asleep; waking-at-night; sleep-environment; sleep-habits; sleep-products; sleep-questions
sleep-products/best-white-noise-machines-uk,/sleep-products/best-white-noise-machines-uk/,commercial,1,sleep-products,sleep-products/how-to-choose-a-white-noise-machine; sleep-sounds/white-noise-for-sleep; sleep-sounds/brown-noise-for-sleep; sleep-products/best-earplugs-for-sleeping-uk; sleep-environment/earplugs-vs-white-noise; sleep-environment/how-to-block-out-noise-at-night; sleep-sounds/is-it-bad-to-sleep-with-white-noise-on,,41,9,falling-asleep/bedtime-routine-for-adults; falling-asleep/cant-sleep-before-a-big-day; falling-asleep/difficulty-falling-asleep; falling-asleep/how-long-should-it-take-to-fall-asleep; falling-asleep/how-to-fall-asleep-faster; falling-asleep/how-to-sleep-when-not-tired; falling-asleep/military-sleep-method; falling-asleep/things-to-do-before-bed; falling-asleep/what-to-do-when-you-cant-sleep; quiet-the-mind/anxiety-at-night; quiet-the-mind/cant-switch-off-at-night; quiet-the-mind/cognitive-shuffling; quiet-the-mind/how-to-calm-your-mind-before-bed; quiet-the-mind/how-to-stop-overthinking-at-night; quiet-the-mind/racing-thoughts-at-night; quiet-the-mind/sleep-anxiety; quiet-the-mind/sunday-night-insomnia; quiet-the-mind/worry-list-before-bed; sleep-environment/earplugs-vs-white-noise; sleep-environment/how-to-block-out-noise-at-night; sleep-environment/how-to-sleep-with-a-snoring-partner; sleep-products/best-earplugs-for-sleeping-uk; sleep-products/best-sleep-headphones-uk; sleep-products/how-to-choose-a-white-noise-machine; sleep-products/types-of-sleep-headphones; sleep-sounds/brown-noise-for-sleep; sleep-sounds/brown-noise-vs-white-noise; sleep-sounds/calming-sounds-for-anxiety-at-night; sleep-sounds/is-it-bad-to-sleep-with-white-noise-on; sleep-sounds/nature-sounds-for-sleep; sleep-sounds/ocean-sounds-for-sleep; sleep-sounds/pink-noise-for-sleep; sleep-sounds/pink-noise-vs-white-noise; sleep-sounds/rain-sounds-for-sleep; sleep-sounds/white-noise-for-sleep; waking-at-night/light-sleeper; waking-at-night/waking-up-in-the-middle-of-the-night; quiet-the-mind; falling-asleep; sleep-sounds; sleep-products
sleep-products/how-to-choose-a-white-noise-machine,/sleep-products/how-to-choose-a-white-noise-machine/,supporting,3,sleep-products,sleep-sounds/brown-noise-for-sleep; sleep-sounds/white-noise-for-sleep; sleep-sounds/is-it-bad-to-sleep-with-white-noise-on; sleep-environment/how-to-block-out-noise-at-night; sleep-environment/earplugs-vs-white-noise; sleep-sounds/brown-noise-vs-white-noise,sleep-products/best-white-noise-machines-uk,3,9,sleep-products/best-white-noise-machines-uk; sleep-sounds/is-it-bad-to-sleep-with-white-noise-on; sleep-products
sleep-products/mattress-buying-guide-uk,/sleep-products/mattress-buying-guide-uk/,commercial,2,sleep-products,sleep-environment/bedroom-setup-for-better-sleep; sleep-products/best-pillows-for-side-sleepers-uk; waking-at-night/waking-up-hot-at-night; sleep-environment/bedding-and-sleep,,5,5,sleep-environment/bedding-and-sleep; sleep-environment/bedroom-setup-for-better-sleep; sleep-products/best-pillows-for-side-sleepers-uk; waking-at-night/waking-up-hot-at-night; sleep-products
sleep-products/types-of-earplugs-for-sleep,/sleep-products/types-of-earplugs-for-sleep/,supporting,3,sleep-products,sleep-environment/earplugs-vs-white-noise; waking-at-night/light-sleeper; sleep-questions/is-it-ok-to-sleep-with-earplugs-every-night; sleep-environment/how-to-block-out-noise-at-night,sleep-products/best-earplugs-for-sleeping-uk,3,7,sleep-products/best-earplugs-for-sleeping-uk; sleep-questions/is-it-ok-to-sleep-with-earplugs-every-night; sleep-products
sleep-products/types-of-sleep-headphones,/sleep-products/types-of-sleep-headphones/,supporting,3,sleep-products,sleep-environment/how-to-sleep-with-a-snoring-partner; sleep-products/best-earplugs-for-sleeping-uk; waking-at-night/light-sleeper; relaxation/guided-relaxation-for-sleep; sleep-products/best-white-noise-machines-uk,sleep-products/best-sleep-headphones-uk,5,8,relaxation/guided-relaxation-for-sleep; sleep-environment/how-to-sleep-with-a-snoring-partner; sleep-products/best-sleep-headphones-uk; sleep-sounds/calming-sounds-for-anxiety-at-night; sleep-products
sleep-products/weighted-blankets-guide,/sleep-products/weighted-blankets-guide/,commercial,2,sleep-products,quiet-the-mind/anxiety-at-night; sleep-environment/best-temperature-for-sleep; sleep-questions/when-to-see-a-gp-about-sleep; relaxation/progressive-muscle-relaxation-for-sleep; relaxation/bedtime-relaxation-techniques; sleep-environment/bedding-and-sleep,,15,8,falling-asleep/bedtime-routine-for-adults; quiet-the-mind/how-to-calm-your-mind-before-bed; relaxation/4-7-8-breathing; relaxation/bedtime-meditation-for-sleep; relaxation/bedtime-relaxation-techniques; relaxation/bedtime-stretches; relaxation/body-scan-for-sleep; relaxation/box-breathing; relaxation/breathing-exercises-for-sleep; relaxation/guided-relaxation-for-sleep; relaxation/mindfulness-for-sleep; relaxation/progressive-muscle-relaxation-for-sleep; relaxation/yoga-nidra-for-sleep; relaxation; sleep-products
sleep-questions/can-you-catch-up-on-sleep,/sleep-questions/can-you-catch-up-on-sleep/,informational,2,sleep-questions,quiet-the-mind/sunday-night-insomnia; sleep-habits/consistent-sleep-schedule; sleep-habits/napping-and-night-sleep; sleep-questions/when-to-see-a-gp-about-sleep; sleep-questions/how-much-sleep-do-adults-need; sleep-habits/how-to-fix-your-sleep-schedule; resources/7-night-quiet-mind-sleep-plan,sleep-products/best-sleep-masks-uk,7,10,falling-asleep/cant-sleep-before-a-big-day; falling-asleep/what-to-do-when-you-cant-sleep; sleep-habits/consistent-sleep-schedule; sleep-habits/how-to-fix-your-sleep-schedule; sleep-habits/napping-and-night-sleep; sleep-questions/how-much-sleep-do-adults-need; sleep-questions
sleep-questions/does-a-sleep-mask-help-you-sleep,/sleep-questions/does-a-sleep-mask-help-you-sleep/,supporting,2,sleep-questions,sleep-environment/how-to-make-bedroom-darker; waking-at-night/waking-up-too-early; sleep-environment/sleep-mask-vs-blackout-curtains; sleep-questions/is-it-bad-to-sleep-with-the-light-on,sleep-products/best-sleep-masks-uk,4,7,sleep-environment/sleep-mask-vs-blackout-curtains; sleep-products/best-sleep-masks-uk; sleep-questions/is-it-bad-to-sleep-with-the-light-on; sleep-questions
sleep-questions/does-reading-before-bed-help-you-sleep,/sleep-questions/does-reading-before-bed-help-you-sleep/,supporting,3,sleep-questions,quiet-the-mind/cant-switch-off-at-night; sleep-habits/screens-before-bed; waking-at-night/should-i-get-up-if-i-cant-sleep; falling-asleep/bedtime-routine-for-adults; sleep-environment/bedroom-lighting-for-sleep; quiet-the-mind/how-to-calm-your-mind-before-bed,sleep-products/best-sleep-masks-uk,5,8,falling-asleep/things-to-do-before-bed; quiet-the-mind/how-to-calm-your-mind-before-bed; sleep-environment/bedroom-lighting-for-sleep; sleep-habits/screens-before-bed; sleep-questions
sleep-questions/how-much-sleep-do-adults-need,/sleep-questions/how-much-sleep-do-adults-need/,informational,1,sleep-questions,sleep-habits/consistent-sleep-schedule; sleep-questions/can-you-catch-up-on-sleep; sleep-habits/napping-and-night-sleep; sleep-questions/when-to-see-a-gp-about-sleep; sleep-questions/why-cant-i-sleep,sleep-products/best-sleep-masks-uk,5,7,falling-asleep/how-long-should-it-take-to-fall-asleep; quiet-the-mind/sleep-anxiety; resources/sleep-checklist; sleep-questions/can-you-catch-up-on-sleep; sleep-questions
sleep-questions/is-it-bad-to-sleep-with-the-light-on,/sleep-questions/is-it-bad-to-sleep-with-the-light-on/,supporting,3,sleep-questions,sleep-environment/bedroom-lighting-for-sleep; waking-at-night/waking-up-in-the-middle-of-the-night; sleep-environment/how-to-make-bedroom-darker; sleep-questions/does-a-sleep-mask-help-you-sleep,sleep-products/best-sleep-masks-uk,4,7,sleep-environment/how-to-make-bedroom-darker; sleep-products/best-sleep-masks-uk; sleep-questions/does-a-sleep-mask-help-you-sleep; sleep-questions
sleep-questions/is-it-ok-to-sleep-with-earplugs-every-night,/sleep-questions/is-it-ok-to-sleep-with-earplugs-every-night/,supporting,3,sleep-questions,sleep-products/types-of-earplugs-for-sleep; sleep-environment/earplugs-vs-white-noise; sleep-environment/how-to-block-out-noise-at-night; waking-at-night/light-sleeper,sleep-products/best-earplugs-for-sleeping-uk; sleep-products/best-sleep-masks-uk,8,8,sleep-environment/earplugs-vs-white-noise; sleep-environment/how-to-block-out-noise-at-night; sleep-environment/how-to-sleep-with-a-snoring-partner; sleep-products/best-earplugs-for-sleeping-uk; sleep-products/types-of-earplugs-for-sleep; sleep-sounds/is-it-bad-to-sleep-with-white-noise-on; waking-at-night/light-sleeper; sleep-questions
sleep-questions/when-to-see-a-gp-about-sleep,/sleep-questions/when-to-see-a-gp-about-sleep/,informational,2,sleep-questions,sleep-environment/how-to-sleep-with-a-snoring-partner; quiet-the-mind/sleep-anxiety; waking-at-night/waking-up-with-anxiety; sleep-habits/sleep-hygiene; sleep-questions/why-cant-i-sleep; waking-at-night/waking-up-too-early,sleep-products/best-sleep-masks-uk,36,8,falling-asleep/difficulty-falling-asleep; falling-asleep/how-long-should-it-take-to-fall-asleep; falling-asleep/how-to-fall-asleep-faster; falling-asleep/what-to-do-when-you-cant-sleep; quiet-the-mind/anxiety-at-night; quiet-the-mind/cant-switch-off-at-night; quiet-the-mind/racing-thoughts-at-night; relaxation/bedtime-relaxation-techniques; relaxation/breathing-exercises-for-sleep; relaxation/mindfulness-for-sleep; relaxation/progressive-muscle-relaxation-for-sleep; resources/7-night-quiet-mind-sleep-plan; resources/sleep-checklist; sleep-environment/best-temperature-for-sleep; sleep-environment/how-to-sleep-with-a-snoring-partner; sleep-habits/how-to-fix-your-sleep-schedule; sleep-habits/sleep-hygiene; sleep-products/weighted-blankets-guide; sleep-questions/can-you-catch-up-on-sleep; sleep-questions/how-much-sleep-do-adults-need; sleep-questions/why-am-i-tired-but-cant-sleep; sleep-questions/why-cant-i-sleep; sleep-sounds/calming-sounds-for-anxiety-at-night; sleep-sounds/white-noise-for-sleep; waking-at-night/cant-get-back-to-sleep; waking-at-night/light-sleeper; waking-at-night/should-i-get-up-if-i-cant-sleep; waking-at-night/waking-up-at-3am; waking-at-night/waking-up-hot-at-night; waking-at-night/waking-up-in-the-middle-of-the-night; waking-at-night/waking-up-too-early; waking-at-night/waking-up-with-anxiety; sleep-questions; about; contact; health-disclaimer
sleep-questions/why-am-i-tired-but-cant-sleep,/sleep-questions/why-am-i-tired-but-cant-sleep/,informational,1,sleep-questions,quiet-the-mind/cant-switch-off-at-night; sleep-questions/why-do-i-get-a-second-wind-at-night; sleep-habits/caffeine-and-sleep; sleep-habits/screens-before-bed; relaxation/breathing-exercises-for-sleep; falling-asleep/how-to-sleep-when-not-tired; sleep-questions/when-to-see-a-gp-about-sleep; resources/7-night-quiet-mind-sleep-plan; falling-asleep/how-to-fall-asleep-faster,sleep-products/best-sleep-masks-uk,8,12,falling-asleep/difficulty-falling-asleep; falling-asleep/how-to-sleep-when-not-tired; quiet-the-mind/cant-switch-off-at-night; sleep-habits/caffeine-and-sleep; sleep-habits/napping-and-night-sleep; sleep-questions/why-cant-i-sleep; sleep-questions/why-do-i-get-a-second-wind-at-night; sleep-questions
sleep-questions/why-cant-i-sleep,/sleep-questions/why-cant-i-sleep/,informational,1,sleep-questions,sleep-habits/caffeine-and-sleep; sleep-environment/bedroom-setup-for-better-sleep; sleep-habits/how-to-fix-your-sleep-schedule; sleep-questions/when-to-see-a-gp-about-sleep; falling-asleep/what-to-do-when-you-cant-sleep; resources/sleep-checklist; resources/7-night-quiet-mind-sleep-plan; quiet-the-mind/racing-thoughts-at-night; sleep-habits/sleep-hygiene; sleep-questions/why-am-i-tired-but-cant-sleep,sleep-products/best-sleep-masks-uk,3,15,sleep-questions/how-much-sleep-do-adults-need; sleep-questions/when-to-see-a-gp-about-sleep; sleep-questions
sleep-questions/why-do-i-get-a-second-wind-at-night,/sleep-questions/why-do-i-get-a-second-wind-at-night/,supporting,3,sleep-questions,sleep-questions/why-am-i-tired-but-cant-sleep; sleep-habits/morning-routine-for-better-sleep; sleep-habits/how-to-fix-your-sleep-schedule; sleep-environment/bedroom-lighting-for-sleep; falling-asleep/how-long-should-it-take-to-fall-asleep; falling-asleep/how-to-sleep-when-not-tired,sleep-products/best-sleep-masks-uk,5,8,falling-asleep/how-to-sleep-when-not-tired; resources/sleep-checklist; sleep-habits/exercise-and-sleep; sleep-questions/why-am-i-tired-but-cant-sleep; sleep-questions
sleep-sounds/brown-noise-for-sleep,/sleep-sounds/brown-noise-for-sleep/,informational,1,sleep-sounds,sleep-sounds/pink-noise-for-sleep; sleep-environment/how-to-block-out-noise-at-night; falling-asleep/difficulty-falling-asleep; sleep-sounds/is-it-bad-to-sleep-with-white-noise-on; sleep-sounds/brown-noise-vs-white-noise; sleep-sounds/white-noise-for-sleep,sleep-products/best-white-noise-machines-uk; sleep-products/best-sleep-headphones-uk,12,11,quiet-the-mind/cant-switch-off-at-night; quiet-the-mind/racing-thoughts-at-night; sleep-products/best-sleep-headphones-uk; sleep-products/best-white-noise-machines-uk; sleep-products/how-to-choose-a-white-noise-machine; sleep-sounds/brown-noise-vs-white-noise; sleep-sounds/calming-sounds-for-anxiety-at-night; sleep-sounds/nature-sounds-for-sleep; sleep-sounds/ocean-sounds-for-sleep; sleep-sounds/pink-noise-for-sleep; sleep-sounds/white-noise-for-sleep; sleep-sounds
sleep-sounds/brown-noise-vs-white-noise,/sleep-sounds/brown-noise-vs-white-noise/,commercial,1,sleep-sounds,sleep-sounds/pink-noise-vs-white-noise; sleep-sounds/brown-noise-for-sleep; sleep-environment/how-to-block-out-noise-at-night; sleep-environment/how-to-sleep-with-a-snoring-partner; waking-at-night/light-sleeper,sleep-products/best-white-noise-machines-uk; sleep-products/best-sleep-headphones-uk,5,9,sleep-products/how-to-choose-a-white-noise-machine; sleep-sounds/brown-noise-for-sleep; sleep-sounds/pink-noise-vs-white-noise; sleep-sounds/white-noise-for-sleep; sleep-sounds
sleep-sounds/calming-sounds-for-anxiety-at-night,/sleep-sounds/calming-sounds-for-anxiety-at-night/,supporting,3,sleep-sounds,relaxation/mindfulness-for-sleep; sleep-sounds/brown-noise-for-sleep; relaxation/guided-relaxation-for-sleep; relaxation/breathing-exercises-for-sleep; sleep-products/types-of-sleep-headphones; quiet-the-mind/anxiety-at-night; sleep-questions/when-to-see-a-gp-about-sleep; resources/7-night-quiet-mind-sleep-plan,sleep-products/best-sleep-headphones-uk; sleep-products/best-white-noise-machines-uk,4,13,falling-asleep/what-to-do-when-you-cant-sleep; quiet-the-mind/how-to-stop-overthinking-at-night; relaxation/guided-relaxation-for-sleep; sleep-sounds
sleep-sounds/is-it-bad-to-sleep-with-white-noise-on,/sleep-sounds/is-it-bad-to-sleep-with-white-noise-on/,supporting,3,sleep-sounds,sleep-environment/earplugs-vs-white-noise; sleep-sounds/white-noise-for-sleep; falling-asleep/bedtime-routine-for-adults; waking-at-night/waking-up-in-the-middle-of-the-night; sleep-products/how-to-choose-a-white-noise-machine; sleep-environment/how-to-block-out-noise-at-night; resources/7-night-quiet-mind-sleep-plan; sleep-questions/is-it-ok-to-sleep-with-earplugs-every-night,sleep-products/best-white-noise-machines-uk; sleep-products/best-sleep-headphones-uk,5,13,sleep-products/best-white-noise-machines-uk; sleep-products/how-to-choose-a-white-noise-machine; sleep-sounds/brown-noise-for-sleep; sleep-sounds/white-noise-for-sleep; sleep-sounds
sleep-sounds/nature-sounds-for-sleep,/sleep-sounds/nature-sounds-for-sleep/,supporting,3,sleep-sounds,sleep-sounds/white-noise-for-sleep; sleep-sounds/pink-noise-for-sleep; sleep-sounds/rain-sounds-for-sleep; sleep-sounds/brown-noise-for-sleep; sleep-sounds/ocean-sounds-for-sleep; sleep-environment/how-to-block-out-noise-at-night,sleep-products/best-white-noise-machines-uk; sleep-products/best-sleep-headphones-uk,3,10,sleep-sounds/ocean-sounds-for-sleep; sleep-sounds/rain-sounds-for-sleep; sleep-sounds
sleep-sounds/ocean-sounds-for-sleep,/sleep-sounds/ocean-sounds-for-sleep/,supporting,3,sleep-sounds,sleep-sounds/brown-noise-for-sleep; sleep-sounds/white-noise-for-sleep; relaxation/breathing-exercises-for-sleep; sleep-sounds/rain-sounds-for-sleep; sleep-sounds/nature-sounds-for-sleep; relaxation/bedtime-relaxation-techniques,sleep-products/best-white-noise-machines-uk; sleep-products/best-sleep-headphones-uk,4,10,relaxation/breathing-exercises-for-sleep; sleep-sounds/nature-sounds-for-sleep; sleep-sounds/rain-sounds-for-sleep; sleep-sounds
sleep-sounds/pink-noise-for-sleep,/sleep-sounds/pink-noise-for-sleep/,informational,2,sleep-sounds,sleep-sounds/brown-noise-for-sleep; sleep-sounds/rain-sounds-for-sleep; sleep-environment/how-to-block-out-noise-at-night; sleep-sounds/white-noise-for-sleep; sleep-sounds/pink-noise-vs-white-noise,sleep-products/best-white-noise-machines-uk; sleep-products/best-sleep-headphones-uk,5,10,sleep-sounds/brown-noise-for-sleep; sleep-sounds/nature-sounds-for-sleep; sleep-sounds/pink-noise-vs-white-noise; sleep-sounds/rain-sounds-for-sleep; sleep-sounds
sleep-sounds/pink-noise-vs-white-noise,/sleep-sounds/pink-noise-vs-white-noise/,commercial,3,sleep-sounds,sleep-sounds/brown-noise-vs-white-noise; sleep-environment/how-to-block-out-noise-at-night; sleep-sounds/pink-noise-for-sleep; sleep-sounds/rain-sounds-for-sleep,sleep-products/best-white-noise-machines-uk; sleep-products/best-sleep-headphones-uk,4,8,sleep-sounds/brown-noise-vs-white-noise; sleep-sounds/pink-noise-for-sleep; sleep-sounds/white-noise-for-sleep; sleep-sounds
sleep-sounds/rain-sounds-for-sleep,/sleep-sounds/rain-sounds-for-sleep/,supporting,2,sleep-sounds,sleep-sounds/white-noise-for-sleep; sleep-sounds/pink-noise-for-sleep; sleep-sounds/ocean-sounds-for-sleep; sleep-sounds/nature-sounds-for-sleep; falling-asleep/what-to-do-when-you-cant-sleep,sleep-products/best-white-noise-machines-uk; sleep-products/best-sleep-headphones-uk,6,9,quiet-the-mind/how-to-calm-your-mind-before-bed; sleep-sounds/nature-sounds-for-sleep; sleep-sounds/ocean-sounds-for-sleep; sleep-sounds/pink-noise-for-sleep; sleep-sounds/pink-noise-vs-white-noise; sleep-sounds
sleep-sounds/white-noise-for-sleep,/sleep-sounds/white-noise-for-sleep/,informational,1,sleep-sounds,sleep-sounds/brown-noise-for-sleep; sleep-sounds/pink-noise-vs-white-noise; sleep-environment/how-to-block-out-noise-at-night; sleep-environment/earplugs-vs-white-noise; sleep-sounds/is-it-bad-to-sleep-with-white-noise-on; sleep-sounds/brown-noise-vs-white-noise; sleep-questions/when-to-see-a-gp-about-sleep,sleep-products/best-white-noise-machines-uk; sleep-products/best-sleep-headphones-uk,12,11,quiet-the-mind/cant-switch-off-at-night; sleep-environment/earplugs-vs-white-noise; sleep-environment/how-to-block-out-noise-at-night; sleep-products/best-white-noise-machines-uk; sleep-products/how-to-choose-a-white-noise-machine; sleep-sounds/brown-noise-for-sleep; sleep-sounds/is-it-bad-to-sleep-with-white-noise-on; sleep-sounds/nature-sounds-for-sleep; sleep-sounds/ocean-sounds-for-sleep; sleep-sounds/pink-noise-for-sleep; sleep-sounds/rain-sounds-for-sleep; sleep-sounds
waking-at-night/cant-get-back-to-sleep,/waking-at-night/cant-get-back-to-sleep/,informational,1,waking-at-night,relaxation/breathing-exercises-for-sleep; relaxation/body-scan-for-sleep; waking-at-night/should-i-get-up-if-i-cant-sleep; quiet-the-mind/sleep-anxiety; waking-at-night/waking-up-with-anxiety; sleep-questions/when-to-see-a-gp-about-sleep; resources/7-night-quiet-mind-sleep-plan,sleep-products/best-sleep-headphones-uk; sleep-products/best-earplugs-for-sleeping-uk; sleep-products/best-sleep-masks-uk,12,13,falling-asleep/what-to-do-when-you-cant-sleep; relaxation/4-7-8-breathing; relaxation/body-scan-for-sleep; relaxation/yoga-nidra-for-sleep; sleep-environment/how-to-sleep-with-a-snoring-partner; sleep-habits/alcohol-and-sleep; waking-at-night/should-i-get-up-if-i-cant-sleep; waking-at-night/waking-up-at-3am; waking-at-night/waking-up-in-the-middle-of-the-night; waking-at-night/waking-up-with-anxiety; waking-at-night/why-do-i-wake-up-at-the-same-time-every-night; waking-at-night
waking-at-night/light-sleeper,/waking-at-night/light-sleeper/,informational,2,waking-at-night,waking-at-night/waking-up-at-3am; quiet-the-mind/sleep-anxiety; sleep-habits/consistent-sleep-schedule; sleep-questions/is-it-ok-to-sleep-with-earplugs-every-night; sleep-environment/earplugs-vs-white-noise; sleep-environment/how-to-block-out-noise-at-night; sleep-questions/when-to-see-a-gp-about-sleep; resources/7-night-quiet-mind-sleep-plan,sleep-products/best-earplugs-for-sleeping-uk; sleep-products/best-white-noise-machines-uk; sleep-products/best-sleep-masks-uk,8,14,sleep-environment/earplugs-vs-white-noise; sleep-environment/how-to-block-out-noise-at-night; sleep-products/best-earplugs-for-sleeping-uk; sleep-products/types-of-earplugs-for-sleep; sleep-products/types-of-sleep-headphones; sleep-questions/is-it-ok-to-sleep-with-earplugs-every-night; sleep-sounds/brown-noise-vs-white-noise; waking-at-night
waking-at-night/should-i-get-up-if-i-cant-sleep,/waking-at-night/should-i-get-up-if-i-cant-sleep/,supporting,2,waking-at-night,sleep-habits/consistent-sleep-schedule; quiet-the-mind/sleep-anxiety; waking-at-night/cant-get-back-to-sleep; falling-asleep/what-to-do-when-you-cant-sleep; waking-at-night/waking-up-at-3am; sleep-questions/when-to-see-a-gp-about-sleep; resources/7-night-quiet-mind-sleep-plan,sleep-products/best-earplugs-for-sleeping-uk; sleep-products/best-sleep-masks-uk,11,11,falling-asleep/what-to-do-when-you-cant-sleep; quiet-the-mind/how-to-stop-overthinking-at-night; quiet-the-mind/sleep-anxiety; relaxation/mindfulness-for-sleep; resources/7-night-quiet-mind-sleep-plan; resources/sleep-checklist; sleep-habits/sleep-hygiene; sleep-questions/does-reading-before-bed-help-you-sleep; waking-at-night/cant-get-back-to-sleep; waking-at-night/waking-up-at-3am; waking-at-night
waking-at-night/waking-up-at-3am,/waking-at-night/waking-up-at-3am/,informational,1,waking-at-night,waking-at-night/cant-get-back-to-sleep; sleep-habits/alcohol-and-sleep; waking-at-night/why-do-i-wake-up-at-the-same-time-every-night; waking-at-night/should-i-get-up-if-i-cant-sleep; sleep-questions/when-to-see-a-gp-about-sleep; waking-at-night/waking-up-too-early; resources/7-night-quiet-mind-sleep-plan,sleep-products/best-sleep-masks-uk; sleep-products/best-earplugs-for-sleeping-uk,8,12,resources/sleep-checklist; sleep-habits/alcohol-and-sleep; waking-at-night/light-sleeper; waking-at-night/should-i-get-up-if-i-cant-sleep; waking-at-night/waking-up-in-the-middle-of-the-night; waking-at-night/waking-up-too-early; waking-at-night/why-do-i-wake-up-at-the-same-time-every-night; waking-at-night
waking-at-night/waking-up-hot-at-night,/waking-at-night/waking-up-hot-at-night/,supporting,3,waking-at-night,sleep-environment/best-temperature-for-sleep; sleep-products/mattress-buying-guide-uk; sleep-habits/alcohol-and-sleep; sleep-habits/exercise-and-sleep; sleep-environment/how-to-sleep-when-its-hot; sleep-questions/when-to-see-a-gp-about-sleep; resources/7-night-quiet-mind-sleep-plan,sleep-products/best-cooling-pillows-uk; sleep-environment/bedding-and-sleep; sleep-products/best-earplugs-for-sleeping-uk; sleep-products/best-sleep-masks-uk,10,14,sleep-environment/bedding-and-sleep; sleep-environment/best-temperature-for-sleep; sleep-environment/how-to-sleep-when-its-cold; sleep-environment/how-to-sleep-when-its-hot; sleep-habits/alcohol-and-sleep; sleep-habits/eating-before-bed; sleep-products/best-cooling-pillows-uk; sleep-products/best-pillows-for-side-sleepers-uk; sleep-products/mattress-buying-guide-uk; waking-at-night
waking-at-night/waking-up-in-the-middle-of-the-night,/waking-at-night/waking-up-in-the-middle-of-the-night/,informational,1,waking-at-night,waking-at-night/waking-up-at-3am; sleep-environment/how-to-block-out-noise-at-night; sleep-environment/best-temperature-for-sleep; waking-at-night/waking-up-with-anxiety; waking-at-night/cant-get-back-to-sleep; waking-at-night/why-do-i-wake-up-at-the-same-time-every-night; sleep-questions/when-to-see-a-gp-about-sleep; resources/7-night-quiet-mind-sleep-plan,sleep-products/best-earplugs-for-sleeping-uk; sleep-products/best-white-noise-machines-uk; sleep-products/best-sleep-masks-uk,6,14,sleep-environment/how-to-block-out-noise-at-night; sleep-habits/caffeine-and-sleep; sleep-habits/eating-before-bed; sleep-questions/is-it-bad-to-sleep-with-the-light-on; sleep-sounds/is-it-bad-to-sleep-with-white-noise-on; waking-at-night
waking-at-night/waking-up-too-early,/waking-at-night/waking-up-too-early/,informational,2,waking-at-night,waking-at-night/waking-up-at-3am; sleep-environment/how-to-make-bedroom-darker; sleep-environment/bedroom-lighting-for-sleep; sleep-habits/consistent-sleep-schedule; sleep-questions/when-to-see-a-gp-about-sleep; sleep-environment/sleep-mask-vs-blackout-curtains; resources/7-night-quiet-mind-sleep-plan; sleep-habits/how-to-fix-your-sleep-schedule,sleep-products/best-sleep-masks-uk; sleep-products/best-blackout-curtains-uk; sleep-products/best-earplugs-for-sleeping-uk,11,14,sleep-environment/best-temperature-for-sleep; sleep-environment/how-to-make-bedroom-darker; sleep-environment/sleep-mask-vs-blackout-curtains; sleep-habits/consistent-sleep-schedule; sleep-habits/morning-routine-for-better-sleep; sleep-products/best-blackout-curtains-uk; sleep-products/best-sleep-masks-uk; sleep-questions/does-a-sleep-mask-help-you-sleep; sleep-questions/when-to-see-a-gp-about-sleep; waking-at-night/waking-up-at-3am; waking-at-night
waking-at-night/waking-up-with-anxiety,/waking-at-night/waking-up-with-anxiety/,supporting,2,waking-at-night,sleep-habits/alcohol-and-sleep; relaxation/box-breathing; waking-at-night/cant-get-back-to-sleep; quiet-the-mind/anxiety-at-night; quiet-the-mind/worry-list-before-bed; sleep-questions/when-to-see-a-gp-about-sleep; resources/7-night-quiet-mind-sleep-plan; relaxation/breathing-exercises-for-sleep,sleep-products/best-earplugs-for-sleeping-uk; sleep-products/best-sleep-masks-uk,5,13,quiet-the-mind/anxiety-at-night; sleep-questions/when-to-see-a-gp-about-sleep; waking-at-night/cant-get-back-to-sleep; waking-at-night/waking-up-in-the-middle-of-the-night; waking-at-night
waking-at-night/why-do-i-wake-up-at-the-same-time-every-night,/waking-at-night/why-do-i-wake-up-at-the-same-time-every-night/,supporting,3,waking-at-night,waking-at-night/waking-up-at-3am; sleep-environment/how-to-block-out-noise-at-night; waking-at-night/cant-get-back-to-sleep; sleep-habits/consistent-sleep-schedule; quiet-the-mind/sleep-anxiety; resources/7-night-quiet-mind-sleep-plan,sleep-products/best-earplugs-for-sleeping-uk; sleep-products/best-sleep-masks-uk,3,10,waking-at-night/waking-up-at-3am; waking-at-night/waking-up-in-the-middle-of-the-night; waking-at-night
