id,product,brandExample,category,provider,linkType,asin,amazonUrl,affiliateTag,pagesUsedOn,pageCount,lastChecked,status
contoured-sleep-mask,Contoured (3D) sleep mask,Manta Sleep Mask,sleep-mask,amazon-uk,search,,https://www.amazon.co.uk/s?k=contoured%20sleep%20mask&tag=REPLACE-WITH-YOUR-TAG-21,REPLACE-WITH-YOUR-TAG-21,/falling-asleep/how-to-fall-asleep-faster/; /sleep-environment/bedroom-setup-for-better-sleep/; /sleep-environment/how-to-make-bedroom-darker/; /sleep-environment/sleep-mask-vs-blackout-curtains/; /sleep-habits/how-to-fix-your-sleep-schedule/; /sleep-habits/napping-and-night-sleep/; /sleep-habits/sleep-hygiene/; /sleep-products/best-sleep-masks-uk/; /sleep-questions/does-a-sleep-mask-help-you-sleep/; /sleep-questions/is-it-bad-to-sleep-with-the-light-on/; /waking-at-night/waking-up-at-3am/; /waking-at-night/waking-up-too-early/,12,,needs-verification
silk-sleep-mask,Silk sleep mask,Mulberry silk eye masks (various brands),sleep-mask,amazon-uk,search,,https://www.amazon.co.uk/s?k=silk%20sleep%20mask&tag=REPLACE-WITH-YOUR-TAG-21,REPLACE-WITH-YOUR-TAG-21,/falling-asleep/bedtime-routine-for-adults/; /falling-asleep/cant-sleep-before-a-big-day/; /sleep-habits/how-to-fix-your-sleep-schedule/; /sleep-habits/napping-and-night-sleep/; /sleep-habits/sleep-hygiene/; /sleep-products/best-sleep-masks-uk/; /sleep-questions/does-a-sleep-mask-help-you-sleep/; /waking-at-night/light-sleeper/,8,,needs-verification
weighted-sleep-mask,Weighted sleep mask,Gravity weighted sleep mask (and similar),sleep-mask,amazon-uk,search,,https://www.amazon.co.uk/s?k=weighted%20sleep%20mask&tag=REPLACE-WITH-YOUR-TAG-21,REPLACE-WITH-YOUR-TAG-21,/sleep-products/best-sleep-masks-uk/,1,,needs-verification
soft-foam-earplugs,Soft foam earplugs,Mack's Ultra Soft Foam Earplugs,earplugs,amazon-uk,search,,https://www.amazon.co.uk/s?k=foam%20earplugs%20for%20sleeping&tag=REPLACE-WITH-YOUR-TAG-21,REPLACE-WITH-YOUR-TAG-21,/sleep-environment/earplugs-vs-white-noise/; /sleep-environment/how-to-block-out-noise-at-night/; /sleep-environment/how-to-sleep-with-a-snoring-partner/; /sleep-products/best-earplugs-for-sleeping-uk/; /sleep-products/types-of-earplugs-for-sleep/; /sleep-questions/is-it-ok-to-sleep-with-earplugs-every-night/; /waking-at-night/waking-up-at-3am/; /waking-at-night/waking-up-in-the-middle-of-the-night/,8,,needs-verification
reusable-silicone-earplugs,Reusable silicone earplugs for sleep,Loop Quiet,earplugs,amazon-uk,search,,https://www.amazon.co.uk/s?k=Loop%20Quiet%20earplugs&tag=REPLACE-WITH-YOUR-TAG-21,REPLACE-WITH-YOUR-TAG-21,/sleep-environment/earplugs-vs-white-noise/; /sleep-products/best-earplugs-for-sleeping-uk/; /sleep-products/types-of-earplugs-for-sleep/; /sleep-questions/is-it-ok-to-sleep-with-earplugs-every-night/; /waking-at-night/light-sleeper/,5,,needs-verification
mouldable-wax-earplugs,Mouldable wax or silicone putty earplugs,Quies natural wax earplugs; Mack's Pillow Soft silicone,earplugs,amazon-uk,search,,https://www.amazon.co.uk/s?k=wax%20earplugs%20for%20sleeping&tag=REPLACE-WITH-YOUR-TAG-21,REPLACE-WITH-YOUR-TAG-21,/sleep-products/best-earplugs-for-sleeping-uk/; /sleep-products/types-of-earplugs-for-sleep/; /sleep-questions/is-it-ok-to-sleep-with-earplugs-every-night/,3,,needs-verification
fan-based-white-noise-machine,Fan-based white noise machine,Marpac / Yogasleep Dohm,white-noise,amazon-uk,search,,https://www.amazon.co.uk/s?k=Yogasleep%20Dohm%20white%20noise%20machine&tag=REPLACE-WITH-YOUR-TAG-21,REPLACE-WITH-YOUR-TAG-21,/falling-asleep/how-to-fall-asleep-faster/; /quiet-the-mind/cant-switch-off-at-night/; /sleep-environment/earplugs-vs-white-noise/; /sleep-environment/how-to-block-out-noise-at-night/; /sleep-environment/how-to-sleep-with-a-snoring-partner/; /sleep-products/best-white-noise-machines-uk/; /sleep-products/how-to-choose-a-white-noise-machine/; /sleep-sounds/brown-noise-vs-white-noise/; /sleep-sounds/is-it-bad-to-sleep-with-white-noise-on/; /sleep-sounds/pink-noise-vs-white-noise/; /sleep-sounds/white-noise-for-sleep/; /waking-at-night/waking-up-in-the-middle-of-the-night/,12,,needs-verification
digital-sound-machine,Digital sound machine with multiple noise colours,LectroFan (Classic or Evo),white-noise,amazon-uk,search,,https://www.amazon.co.uk/s?k=LectroFan%20white%20noise%20machine&tag=REPLACE-WITH-YOUR-TAG-21,REPLACE-WITH-YOUR-TAG-21,/quiet-the-mind/racing-thoughts-at-night/; /sleep-products/best-white-noise-machines-uk/; /sleep-products/how-to-choose-a-white-noise-machine/; /sleep-sounds/brown-noise-for-sleep/; /sleep-sounds/brown-noise-vs-white-noise/; /sleep-sounds/is-it-bad-to-sleep-with-white-noise-on/; /sleep-sounds/nature-sounds-for-sleep/; /sleep-sounds/ocean-sounds-for-sleep/; /sleep-sounds/pink-noise-for-sleep/; /sleep-sounds/pink-noise-vs-white-noise/; /sleep-sounds/white-noise-for-sleep/; /waking-at-night/light-sleeper/,12,,needs-verification
portable-sound-machine,Portable rechargeable sound machine,Yogasleep Rohm or similar,white-noise,amazon-uk,search,,https://www.amazon.co.uk/s?k=portable%20white%20noise%20machine%20travel&tag=REPLACE-WITH-YOUR-TAG-21,REPLACE-WITH-YOUR-TAG-21,/sleep-products/best-white-noise-machines-uk/; /sleep-products/how-to-choose-a-white-noise-machine/; /sleep-sounds/ocean-sounds-for-sleep/; /sleep-sounds/rain-sounds-for-sleep/; /sleep-sounds/white-noise-for-sleep/,5,,needs-verification
headband-sleep-headphones,Headband sleep headphones,SleepPhones; CozyPhones; Musicozy,sleep-headphones,amazon-uk,search,,https://www.amazon.co.uk/s?k=sleep%20headphones%20headband%20bluetooth&tag=REPLACE-WITH-YOUR-TAG-21,REPLACE-WITH-YOUR-TAG-21,/falling-asleep/things-to-do-before-bed/; /falling-asleep/what-to-do-when-you-cant-sleep/; /quiet-the-mind/how-to-calm-your-mind-before-bed/; /quiet-the-mind/how-to-stop-overthinking-at-night/; /quiet-the-mind/racing-thoughts-at-night/; /relaxation/bedtime-meditation-for-sleep/; /relaxation/bedtime-relaxation-techniques/; /relaxation/breathing-exercises-for-sleep/; /relaxation/guided-relaxation-for-sleep/; /relaxation/progressive-muscle-relaxation-for-sleep/; /sleep-environment/how-to-block-out-noise-at-night/; /sleep-products/best-sleep-headphones-uk/; /sleep-products/types-of-sleep-headphones/; /sleep-sounds/brown-noise-for-sleep/; /sleep-sounds/brown-noise-vs-white-noise/; /sleep-sounds/calming-sounds-for-anxiety-at-night/; /sleep-sounds/rain-sounds-for-sleep/; /waking-at-night/cant-get-back-to-sleep/,18,,needs-verification
sleep-earbuds,Small in-ear sleep earbuds,"Anker Soundcore Sleep series; Bose Sleepbuds (discontinued, second-hand only)",sleep-headphones,amazon-uk,search,,https://www.amazon.co.uk/s?k=sleep%20earbuds%20for%20side%20sleepers&tag=REPLACE-WITH-YOUR-TAG-21,REPLACE-WITH-YOUR-TAG-21,/quiet-the-mind/how-to-stop-overthinking-at-night/; /relaxation/bedtime-meditation-for-sleep/; /relaxation/breathing-exercises-for-sleep/; /relaxation/guided-relaxation-for-sleep/; /relaxation/progressive-muscle-relaxation-for-sleep/; /sleep-environment/how-to-sleep-with-a-snoring-partner/; /sleep-products/best-sleep-headphones-uk/; /sleep-products/types-of-sleep-headphones/; /sleep-sounds/calming-sounds-for-anxiety-at-night/,9,,needs-verification
memory-foam-side-sleeper-pillow,Memory foam pillow for side sleepers,"Various UK brands (e.g. Simba Hybrid, Emma, Panda)",pillow,amazon-uk,search,,https://www.amazon.co.uk/s?k=memory%20foam%20pillow%20side%20sleeper%20adjustable&tag=REPLACE-WITH-YOUR-TAG-21,REPLACE-WITH-YOUR-TAG-21,/sleep-environment/bedroom-setup-for-better-sleep/; /sleep-products/best-cooling-pillows-uk/; /sleep-products/best-pillows-for-side-sleepers-uk/,3,,needs-verification
gel-cooling-pillow,Gel-layer cooling pillow,Various (gel-topped memory foam),cooling-pillow,amazon-uk,search,,https://www.amazon.co.uk/s?k=cooling%20pillow%20gel%20memory%20foam&tag=REPLACE-WITH-YOUR-TAG-21,REPLACE-WITH-YOUR-TAG-21,/sleep-environment/best-temperature-for-sleep/; /sleep-environment/how-to-sleep-when-its-hot/; /sleep-products/best-cooling-pillows-uk/; /sleep-products/best-pillows-for-side-sleepers-uk/; /waking-at-night/waking-up-hot-at-night/,5,,needs-verification
thermal-blackout-curtains,Thermal blackout curtains (eyelet),Various UK retailers' own brands,blackout-curtains,amazon-uk,search,,https://www.amazon.co.uk/s?k=thermal%20blackout%20curtains%20eyelet&tag=REPLACE-WITH-YOUR-TAG-21,REPLACE-WITH-YOUR-TAG-21,/sleep-environment/how-to-make-bedroom-darker/; /sleep-environment/sleep-mask-vs-blackout-curtains/; /sleep-products/best-blackout-curtains-uk/; /waking-at-night/waking-up-too-early/,4,,needs-verification
blackout-blind-no-drill,No-drill blackout blind,Various (temporary or suction-fit blinds),blackout-curtains,amazon-uk,search,,https://www.amazon.co.uk/s?k=blackout%20blind%20no%20drill&tag=REPLACE-WITH-YOUR-TAG-21,REPLACE-WITH-YOUR-TAG-21,/sleep-environment/bedroom-setup-for-better-sleep/; /sleep-environment/how-to-make-bedroom-darker/; /sleep-environment/sleep-mask-vs-blackout-curtains/; /sleep-products/best-blackout-curtains-uk/,4,,needs-verification
weighted-blanket,Weighted blanket (glass-bead fill),"Various UK brands (e.g. Mela, Gravity, Silentnight)",weighted-blanket,amazon-uk,search,,https://www.amazon.co.uk/s?k=weighted%20blanket%20adult%20glass%20beads&tag=REPLACE-WITH-YOUR-TAG-21,REPLACE-WITH-YOUR-TAG-21,/falling-asleep/bedtime-routine-for-adults/; /quiet-the-mind/how-to-calm-your-mind-before-bed/; /relaxation/bedtime-relaxation-techniques/; /sleep-products/weighted-blankets-guide/,4,,needs-verification
cotton-percale-bedding,Cotton percale bedding,Various UK bedding brands,bedding,amazon-uk,search,,https://www.amazon.co.uk/s?k=cotton%20percale%20duvet%20cover&tag=REPLACE-WITH-YOUR-TAG-21,REPLACE-WITH-YOUR-TAG-21,/sleep-environment/bedding-and-sleep/; /sleep-products/best-cooling-pillows-uk/,2,,needs-verification
summer-tog-duvet,Lightweight summer duvet (around 4.5 tog),Various UK brands,bedding,amazon-uk,search,,https://www.amazon.co.uk/s?k=4.5%20tog%20summer%20duvet&tag=REPLACE-WITH-YOUR-TAG-21,REPLACE-WITH-YOUR-TAG-21,/sleep-environment/bedding-and-sleep/; /sleep-environment/best-temperature-for-sleep/; /sleep-environment/how-to-sleep-when-its-hot/; /waking-at-night/waking-up-hot-at-night/,4,,needs-verification
quiet-bedroom-fan,Quiet bedroom fan,Various (pedestal or desk fans marketed as quiet or with a night mode),fan,amazon-uk,search,,https://www.amazon.co.uk/s?k=quiet%20bedroom%20fan%20night%20mode&tag=REPLACE-WITH-YOUR-TAG-21,REPLACE-WITH-YOUR-TAG-21,/sleep-environment/how-to-sleep-when-its-hot/,1,,needs-verification
