id,asin,verifiedTitle,verifiedOn,notes
contoured-sleep-mask,,,,
silk-sleep-mask,,,,
weighted-sleep-mask,,,,
soft-foam-earplugs,,,,
reusable-silicone-earplugs,,,,
mouldable-wax-earplugs,,,,
fan-based-white-noise-machine,,,,
digital-sound-machine,,,,
portable-sound-machine,,,,
headband-sleep-headphones,,,,
sleep-earbuds,,,,
memory-foam-side-sleeper-pillow,,,,
gel-cooling-pillow,,,,
thermal-blackout-curtains,,,,
blackout-blind-no-drill,,,,
weighted-blanket,,,,
cotton-percale-bedding,,,,
summer-tog-duvet,,,,
quiet-bedroom-fan,,,,
