keyword,keywordType,volumeUK,kd,cpc,intentSemrush,serpFeatures,intentPlanned,cluster,proposedUrl,article,commercialPotential,tier,competitorRanking,status,lastResearched
racing thoughts at night,primary,,,,,,informational,quiet-the-mind,/quiet-the-mind/racing-thoughts-at-night/,Racing Thoughts at Night: Why It Happens and How to Calm Them,yes: white-noise; sleep-headphones,1,,draft-pending-validation,
racing mind at night,secondary,,,,,,informational,quiet-the-mind,/quiet-the-mind/racing-thoughts-at-night/,Racing Thoughts at Night: Why It Happens and How to Calm Them,yes: white-noise; sleep-headphones,1,,draft-pending-validation,
how to stop racing thoughts at night,secondary,,,,,,informational,quiet-the-mind,/quiet-the-mind/racing-thoughts-at-night/,Racing Thoughts at Night: Why It Happens and How to Calm Them,yes: white-noise; sleep-headphones,1,,draft-pending-validation,
mind racing can't sleep,secondary,,,,,,informational,quiet-the-mind,/quiet-the-mind/racing-thoughts-at-night/,Racing Thoughts at Night: Why It Happens and How to Calm Them,yes: white-noise; sleep-headphones,1,,draft-pending-validation,
how to stop overthinking at night,primary,,,,,,informational,quiet-the-mind,/quiet-the-mind/how-to-stop-overthinking-at-night/,How to Stop Overthinking at Night,yes: sleep-headphones,1,,draft-pending-validation,
overthinking at night,secondary,,,,,,informational,quiet-the-mind,/quiet-the-mind/how-to-stop-overthinking-at-night/,How to Stop Overthinking at Night,yes: sleep-headphones,1,,draft-pending-validation,
overthinking before bed,secondary,,,,,,informational,quiet-the-mind,/quiet-the-mind/how-to-stop-overthinking-at-night/,How to Stop Overthinking at Night,yes: sleep-headphones,1,,draft-pending-validation,
how to stop overthinking before sleep,secondary,,,,,,informational,quiet-the-mind,/quiet-the-mind/how-to-stop-overthinking-at-night/,How to Stop Overthinking at Night,yes: sleep-headphones,1,,draft-pending-validation,
can't switch off at night,primary,,,,,,informational,quiet-the-mind,/quiet-the-mind/cant-switch-off-at-night/,Can't Switch Off at Night? Why Your Brain Won't Shut Down and What Helps,yes: white-noise,2,,draft-pending-validation,
brain won't switch off at night,secondary,,,,,,informational,quiet-the-mind,/quiet-the-mind/cant-switch-off-at-night/,Can't Switch Off at Night? Why Your Brain Won't Shut Down and What Helps,yes: white-noise,2,,draft-pending-validation,
can't switch my mind off to sleep,secondary,,,,,,informational,quiet-the-mind,/quiet-the-mind/cant-switch-off-at-night/,Can't Switch Off at Night? Why Your Brain Won't Shut Down and What Helps,yes: white-noise,2,,draft-pending-validation,
mind won't shut off,secondary,,,,,,informational,quiet-the-mind,/quiet-the-mind/cant-switch-off-at-night/,Can't Switch Off at Night? Why Your Brain Won't Shut Down and What Helps,yes: white-noise,2,,draft-pending-validation,
how to calm your mind before bed,primary,,,,,,informational,quiet-the-mind,/quiet-the-mind/how-to-calm-your-mind-before-bed/,How to Calm Your Mind Before Bed: A Simple Evening Approach,yes: sleep-headphones; weighted-blanket,1,,draft-pending-validation,
how to relax your mind before sleep,secondary,,,,,,informational,quiet-the-mind,/quiet-the-mind/how-to-calm-your-mind-before-bed/,How to Calm Your Mind Before Bed: A Simple Evening Approach,yes: sleep-headphones; weighted-blanket,1,,draft-pending-validation,
calm mind before sleep,secondary,,,,,,informational,quiet-the-mind,/quiet-the-mind/how-to-calm-your-mind-before-bed/,How to Calm Your Mind Before Bed: A Simple Evening Approach,yes: sleep-headphones; weighted-blanket,1,,draft-pending-validation,
how to quiet your mind before bed,secondary,,,,,,informational,quiet-the-mind,/quiet-the-mind/how-to-calm-your-mind-before-bed/,How to Calm Your Mind Before Bed: A Simple Evening Approach,yes: sleep-headphones; weighted-blanket,1,,draft-pending-validation,
anxiety at night,primary,,,,,,informational,quiet-the-mind,/quiet-the-mind/anxiety-at-night/,Anxiety at Night: Why Worries Feel Worse at Bedtime,no,1,,draft-pending-validation,
worrying at bedtime,secondary,,,,,,informational,quiet-the-mind,/quiet-the-mind/anxiety-at-night/,Anxiety at Night: Why Worries Feel Worse at Bedtime,no,1,,draft-pending-validation,
night time anxiety,secondary,,,,,,informational,quiet-the-mind,/quiet-the-mind/anxiety-at-night/,Anxiety at Night: Why Worries Feel Worse at Bedtime,no,1,,draft-pending-validation,
anxiety before bed,secondary,,,,,,informational,quiet-the-mind,/quiet-the-mind/anxiety-at-night/,Anxiety at Night: Why Worries Feel Worse at Bedtime,no,1,,draft-pending-validation,
why is anxiety worse at night,secondary,,,,,,informational,quiet-the-mind,/quiet-the-mind/anxiety-at-night/,Anxiety at Night: Why Worries Feel Worse at Bedtime,no,1,,draft-pending-validation,
worry list before bed,primary,,,,,,informational,quiet-the-mind,/quiet-the-mind/worry-list-before-bed/,Writing a Worry List Before Bed: How 'Constructive Worry' Works,no,3,,draft-pending-validation,
constructive worry,secondary,,,,,,informational,quiet-the-mind,/quiet-the-mind/worry-list-before-bed/,Writing a Worry List Before Bed: How 'Constructive Worry' Works,no,3,,draft-pending-validation,
worry journal before bed,secondary,,,,,,informational,quiet-the-mind,/quiet-the-mind/worry-list-before-bed/,Writing a Worry List Before Bed: How 'Constructive Worry' Works,no,3,,draft-pending-validation,
writing down worries before sleep,secondary,,,,,,informational,quiet-the-mind,/quiet-the-mind/worry-list-before-bed/,Writing a Worry List Before Bed: How 'Constructive Worry' Works,no,3,,draft-pending-validation,
brain dump before bed,secondary,,,,,,informational,quiet-the-mind,/quiet-the-mind/worry-list-before-bed/,Writing a Worry List Before Bed: How 'Constructive Worry' Works,no,3,,draft-pending-validation,
sleep anxiety,primary,,,,,,informational,quiet-the-mind,/quiet-the-mind/sleep-anxiety/,Sleep Anxiety: When Worrying About Sleep Is What Keeps You Awake,no,2,,draft-pending-validation,
anxiety about not sleeping,secondary,,,,,,informational,quiet-the-mind,/quiet-the-mind/sleep-anxiety/,Sleep Anxiety: When Worrying About Sleep Is What Keeps You Awake,no,2,,draft-pending-validation,
fear of not sleeping,secondary,,,,,,informational,quiet-the-mind,/quiet-the-mind/sleep-anxiety/,Sleep Anxiety: When Worrying About Sleep Is What Keeps You Awake,no,2,,draft-pending-validation,
scared to go to sleep,secondary,,,,,,informational,quiet-the-mind,/quiet-the-mind/sleep-anxiety/,Sleep Anxiety: When Worrying About Sleep Is What Keeps You Awake,no,2,,draft-pending-validation,
sleep performance anxiety,secondary,,,,,,informational,quiet-the-mind,/quiet-the-mind/sleep-anxiety/,Sleep Anxiety: When Worrying About Sleep Is What Keeps You Awake,no,2,,draft-pending-validation,
cognitive shuffling,primary,,,,,,informational,quiet-the-mind,/quiet-the-mind/cognitive-shuffling/,Cognitive Shuffling: A Simple Technique for Quieting Your Thoughts at Bedtime,no,3,,draft-pending-validation,
cognitive shuffle sleep,secondary,,,,,,informational,quiet-the-mind,/quiet-the-mind/cognitive-shuffling/,Cognitive Shuffling: A Simple Technique for Quieting Your Thoughts at Bedtime,no,3,,draft-pending-validation,
cognitive shuffling technique,secondary,,,,,,informational,quiet-the-mind,/quiet-the-mind/cognitive-shuffling/,Cognitive Shuffling: A Simple Technique for Quieting Your Thoughts at Bedtime,no,3,,draft-pending-validation,
word game to fall asleep,secondary,,,,,,informational,quiet-the-mind,/quiet-the-mind/cognitive-shuffling/,Cognitive Shuffling: A Simple Technique for Quieting Your Thoughts at Bedtime,no,3,,draft-pending-validation,
can't sleep on sunday night,primary,,,,,,informational,quiet-the-mind,/quiet-the-mind/sunday-night-insomnia/,Why You Can't Sleep on Sunday Night (and How to Fix It),no,3,,draft-pending-validation,
sunday night insomnia,secondary,,,,,,informational,quiet-the-mind,/quiet-the-mind/sunday-night-insomnia/,Why You Can't Sleep on Sunday Night (and How to Fix It),no,3,,draft-pending-validation,
sunday night anxiety,secondary,,,,,,informational,quiet-the-mind,/quiet-the-mind/sunday-night-insomnia/,Why You Can't Sleep on Sunday Night (and How to Fix It),no,3,,draft-pending-validation,
why can't I sleep on a sunday,secondary,,,,,,informational,quiet-the-mind,/quiet-the-mind/sunday-night-insomnia/,Why You Can't Sleep on Sunday Night (and How to Fix It),no,3,,draft-pending-validation,
how to fall asleep faster,primary,,,,,,informational,falling-asleep,/falling-asleep/how-to-fall-asleep-faster/,How to Fall Asleep Faster: What Actually Helps,yes: sleep-mask; white-noise,1,,draft-pending-validation,
how to fall asleep fast,secondary,,,,,,informational,falling-asleep,/falling-asleep/how-to-fall-asleep-faster/,How to Fall Asleep Faster: What Actually Helps,yes: sleep-mask; white-noise,1,,draft-pending-validation,
how to fall asleep quickly,secondary,,,,,,informational,falling-asleep,/falling-asleep/how-to-fall-asleep-faster/,How to Fall Asleep Faster: What Actually Helps,yes: sleep-mask; white-noise,1,,draft-pending-validation,
ways to fall asleep faster,secondary,,,,,,informational,falling-asleep,/falling-asleep/how-to-fall-asleep-faster/,How to Fall Asleep Faster: What Actually Helps,yes: sleep-mask; white-noise,1,,draft-pending-validation,
fall asleep faster,secondary,,,,,,informational,falling-asleep,/falling-asleep/how-to-fall-asleep-faster/,How to Fall Asleep Faster: What Actually Helps,yes: sleep-mask; white-noise,1,,draft-pending-validation,
difficulty falling asleep,primary,,,,,,informational,falling-asleep,/falling-asleep/difficulty-falling-asleep/,Difficulty Falling Asleep: Common Causes and What Helps,no,1,,draft-pending-validation,
trouble falling asleep,secondary,,,,,,informational,falling-asleep,/falling-asleep/difficulty-falling-asleep/,Difficulty Falling Asleep: Common Causes and What Helps,no,1,,draft-pending-validation,
why can't I fall asleep,secondary,,,,,,informational,falling-asleep,/falling-asleep/difficulty-falling-asleep/,Difficulty Falling Asleep: Common Causes and What Helps,no,1,,draft-pending-validation,
taking a long time to fall asleep,secondary,,,,,,informational,falling-asleep,/falling-asleep/difficulty-falling-asleep/,Difficulty Falling Asleep: Common Causes and What Helps,no,1,,draft-pending-validation,
sleep onset insomnia,secondary,,,,,,informational,falling-asleep,/falling-asleep/difficulty-falling-asleep/,Difficulty Falling Asleep: Common Causes and What Helps,no,1,,draft-pending-validation,
bedtime routine for adults,primary,,,,,,informational,falling-asleep,/falling-asleep/bedtime-routine-for-adults/,A Bedtime Routine for Adults That You'll Actually Keep,yes: sleep-mask; weighted-blanket,1,,draft-pending-validation,
adult bedtime routine,secondary,,,,,,informational,falling-asleep,/falling-asleep/bedtime-routine-for-adults/,A Bedtime Routine for Adults That You'll Actually Keep,yes: sleep-mask; weighted-blanket,1,,draft-pending-validation,
night routine for better sleep,secondary,,,,,,informational,falling-asleep,/falling-asleep/bedtime-routine-for-adults/,A Bedtime Routine for Adults That You'll Actually Keep,yes: sleep-mask; weighted-blanket,1,,draft-pending-validation,
evening routine for sleep,secondary,,,,,,informational,falling-asleep,/falling-asleep/bedtime-routine-for-adults/,A Bedtime Routine for Adults That You'll Actually Keep,yes: sleep-mask; weighted-blanket,1,,draft-pending-validation,
wind down routine,secondary,,,,,,informational,falling-asleep,/falling-asleep/bedtime-routine-for-adults/,A Bedtime Routine for Adults That You'll Actually Keep,yes: sleep-mask; weighted-blanket,1,,draft-pending-validation,
things to do before bed,primary,,,,,,informational,falling-asleep,/falling-asleep/things-to-do-before-bed/,15 Things to Do Before Bed for a Calmer Night,yes: sleep-headphones,2,,draft-pending-validation,
what to do before bed,secondary,,,,,,informational,falling-asleep,/falling-asleep/things-to-do-before-bed/,15 Things to Do Before Bed for a Calmer Night,yes: sleep-headphones,2,,draft-pending-validation,
relaxing things to do before bed,secondary,,,,,,informational,falling-asleep,/falling-asleep/things-to-do-before-bed/,15 Things to Do Before Bed for a Calmer Night,yes: sleep-headphones,2,,draft-pending-validation,
things to do before sleep,secondary,,,,,,informational,falling-asleep,/falling-asleep/things-to-do-before-bed/,15 Things to Do Before Bed for a Calmer Night,yes: sleep-headphones,2,,draft-pending-validation,
how long should it take to fall asleep,primary,,,,,,informational,falling-asleep,/falling-asleep/how-long-should-it-take-to-fall-asleep/,How Long Should It Take to Fall Asleep?,no,2,,draft-pending-validation,
how long does it take to fall asleep,secondary,,,,,,informational,falling-asleep,/falling-asleep/how-long-should-it-take-to-fall-asleep/,How Long Should It Take to Fall Asleep?,no,2,,draft-pending-validation,
normal time to fall asleep,secondary,,,,,,informational,falling-asleep,/falling-asleep/how-long-should-it-take-to-fall-asleep/,How Long Should It Take to Fall Asleep?,no,2,,draft-pending-validation,
sleep latency,secondary,,,,,,informational,falling-asleep,/falling-asleep/how-long-should-it-take-to-fall-asleep/,How Long Should It Take to Fall Asleep?,no,2,,draft-pending-validation,
military sleep method,primary,,,,,,informational,falling-asleep,/falling-asleep/military-sleep-method/,The Military Sleep Method: Does It Really Work?,no,2,,draft-pending-validation,
military method to fall asleep,secondary,,,,,,informational,falling-asleep,/falling-asleep/military-sleep-method/,The Military Sleep Method: Does It Really Work?,no,2,,draft-pending-validation,
fall asleep in 2 minutes,secondary,,,,,,informational,falling-asleep,/falling-asleep/military-sleep-method/,The Military Sleep Method: Does It Really Work?,no,2,,draft-pending-validation,
army sleep technique,secondary,,,,,,informational,falling-asleep,/falling-asleep/military-sleep-method/,The Military Sleep Method: Does It Really Work?,no,2,,draft-pending-validation,
what to do when you can't sleep,primary,,,,,,informational,falling-asleep,/falling-asleep/what-to-do-when-you-cant-sleep/,What to Do When You Can't Sleep: A Calm Step-by-Step Plan,yes: sleep-headphones,1,,draft-pending-validation,
can't sleep what to do,secondary,,,,,,informational,falling-asleep,/falling-asleep/what-to-do-when-you-cant-sleep/,What to Do When You Can't Sleep: A Calm Step-by-Step Plan,yes: sleep-headphones,1,,draft-pending-validation,
what to do if you can't sleep,secondary,,,,,,informational,falling-asleep,/falling-asleep/what-to-do-when-you-cant-sleep/,What to Do When You Can't Sleep: A Calm Step-by-Step Plan,yes: sleep-headphones,1,,draft-pending-validation,
things to do when you can't sleep at night,secondary,,,,,,informational,falling-asleep,/falling-asleep/what-to-do-when-you-cant-sleep/,What to Do When You Can't Sleep: A Calm Step-by-Step Plan,yes: sleep-headphones,1,,draft-pending-validation,
how to sleep when not tired,primary,,,,,,informational,falling-asleep,/falling-asleep/how-to-sleep-when-not-tired/,How to Sleep When You're Not Tired,no,3,,draft-pending-validation,
can't sleep not tired,secondary,,,,,,informational,falling-asleep,/falling-asleep/how-to-sleep-when-not-tired/,How to Sleep When You're Not Tired,no,3,,draft-pending-validation,
how to fall asleep when you're not tired,secondary,,,,,,informational,falling-asleep,/falling-asleep/how-to-sleep-when-not-tired/,How to Sleep When You're Not Tired,no,3,,draft-pending-validation,
not tired at bedtime,secondary,,,,,,informational,falling-asleep,/falling-asleep/how-to-sleep-when-not-tired/,How to Sleep When You're Not Tired,no,3,,draft-pending-validation,
can't sleep before a big day,primary,,,,,,informational,falling-asleep,/falling-asleep/cant-sleep-before-a-big-day/,Can't Sleep the Night Before an Important Day? Here's What Helps,yes: sleep-mask,3,,draft-pending-validation,
can't sleep night before exam,secondary,,,,,,informational,falling-asleep,/falling-asleep/cant-sleep-before-a-big-day/,Can't Sleep the Night Before an Important Day? Here's What Helps,yes: sleep-mask,3,,draft-pending-validation,
can't sleep before interview,secondary,,,,,,informational,falling-asleep,/falling-asleep/cant-sleep-before-a-big-day/,Can't Sleep the Night Before an Important Day? Here's What Helps,yes: sleep-mask,3,,draft-pending-validation,
can't sleep before early flight,secondary,,,,,,informational,falling-asleep,/falling-asleep/cant-sleep-before-a-big-day/,Can't Sleep the Night Before an Important Day? Here's What Helps,yes: sleep-mask,3,,draft-pending-validation,
nervous can't sleep,secondary,,,,,,informational,falling-asleep,/falling-asleep/cant-sleep-before-a-big-day/,Can't Sleep the Night Before an Important Day? Here's What Helps,yes: sleep-mask,3,,draft-pending-validation,
waking up at 3am,primary,,,,,,informational,waking-at-night,/waking-at-night/waking-up-at-3am/,Waking Up at 3am: Why It Happens and How to Get Back to Sleep,yes: sleep-mask; earplugs,1,,draft-pending-validation,
why do I wake up at 3am,secondary,,,,,,informational,waking-at-night,/waking-at-night/waking-up-at-3am/,Waking Up at 3am: Why It Happens and How to Get Back to Sleep,yes: sleep-mask; earplugs,1,,draft-pending-validation,
waking at 3am every night,secondary,,,,,,informational,waking-at-night,/waking-at-night/waking-up-at-3am/,Waking Up at 3am: Why It Happens and How to Get Back to Sleep,yes: sleep-mask; earplugs,1,,draft-pending-validation,
wake up at 3am can't get back to sleep,secondary,,,,,,informational,waking-at-night,/waking-at-night/waking-up-at-3am/,Waking Up at 3am: Why It Happens and How to Get Back to Sleep,yes: sleep-mask; earplugs,1,,draft-pending-validation,
3am waking,secondary,,,,,,informational,waking-at-night,/waking-at-night/waking-up-at-3am/,Waking Up at 3am: Why It Happens and How to Get Back to Sleep,yes: sleep-mask; earplugs,1,,draft-pending-validation,
waking up in the middle of the night,primary,,,,,,informational,waking-at-night,/waking-at-night/waking-up-in-the-middle-of-the-night/,Waking Up in the Middle of the Night: Causes and What to Do,yes: earplugs; white-noise,1,,draft-pending-validation,
why do I keep waking up at night,secondary,,,,,,informational,waking-at-night,/waking-at-night/waking-up-in-the-middle-of-the-night/,Waking Up in the Middle of the Night: Causes and What to Do,yes: earplugs; white-noise,1,,draft-pending-validation,
waking up during the night,secondary,,,,,,informational,waking-at-night,/waking-at-night/waking-up-in-the-middle-of-the-night/,Waking Up in the Middle of the Night: Causes and What to Do,yes: earplugs; white-noise,1,,draft-pending-validation,
waking up every night,secondary,,,,,,informational,waking-at-night,/waking-at-night/waking-up-in-the-middle-of-the-night/,Waking Up in the Middle of the Night: Causes and What to Do,yes: earplugs; white-noise,1,,draft-pending-validation,
sleep maintenance insomnia,secondary,,,,,,informational,waking-at-night,/waking-at-night/waking-up-in-the-middle-of-the-night/,Waking Up in the Middle of the Night: Causes and What to Do,yes: earplugs; white-noise,1,,draft-pending-validation,
can't get back to sleep,primary,,,,,,informational,waking-at-night,/waking-at-night/cant-get-back-to-sleep/,Can't Get Back to Sleep? What to Do When You Wake in the Night,yes: sleep-headphones,1,,draft-pending-validation,
how to get back to sleep,secondary,,,,,,informational,waking-at-night,/waking-at-night/cant-get-back-to-sleep/,Can't Get Back to Sleep? What to Do When You Wake in the Night,yes: sleep-headphones,1,,draft-pending-validation,
how to fall back asleep,secondary,,,,,,informational,waking-at-night,/waking-at-night/cant-get-back-to-sleep/,Can't Get Back to Sleep? What to Do When You Wake in the Night,yes: sleep-headphones,1,,draft-pending-validation,
woke up and can't get back to sleep,secondary,,,,,,informational,waking-at-night,/waking-at-night/cant-get-back-to-sleep/,Can't Get Back to Sleep? What to Do When You Wake in the Night,yes: sleep-headphones,1,,draft-pending-validation,
waking up too early,primary,,,,,,informational,waking-at-night,/waking-at-night/waking-up-too-early/,Waking Up Too Early and Can't Get Back to Sleep,yes: sleep-mask; blackout-curtains,2,,draft-pending-validation,
waking up too early in the morning,secondary,,,,,,informational,waking-at-night,/waking-at-night/waking-up-too-early/,Waking Up Too Early and Can't Get Back to Sleep,yes: sleep-mask; blackout-curtains,2,,draft-pending-validation,
early morning waking,secondary,,,,,,informational,waking-at-night,/waking-at-night/waking-up-too-early/,Waking Up Too Early and Can't Get Back to Sleep,yes: sleep-mask; blackout-curtains,2,,draft-pending-validation,
why do I wake up so early,secondary,,,,,,informational,waking-at-night,/waking-at-night/waking-up-too-early/,Waking Up Too Early and Can't Get Back to Sleep,yes: sleep-mask; blackout-curtains,2,,draft-pending-validation,
waking at 5am,secondary,,,,,,informational,waking-at-night,/waking-at-night/waking-up-too-early/,Waking Up Too Early and Can't Get Back to Sleep,yes: sleep-mask; blackout-curtains,2,,draft-pending-validation,
why do I wake up at the same time every night,primary,,,,,,informational,waking-at-night,/waking-at-night/why-do-i-wake-up-at-the-same-time-every-night/,Why Do I Wake Up at the Same Time Every Night?,no,3,,draft-pending-validation,
waking up at the same time every night,secondary,,,,,,informational,waking-at-night,/waking-at-night/why-do-i-wake-up-at-the-same-time-every-night/,Why Do I Wake Up at the Same Time Every Night?,no,3,,draft-pending-validation,
wake up same time each night,secondary,,,,,,informational,waking-at-night,/waking-at-night/why-do-i-wake-up-at-the-same-time-every-night/,Why Do I Wake Up at the Same Time Every Night?,no,3,,draft-pending-validation,
waking at 2am every night,secondary,,,,,,informational,waking-at-night,/waking-at-night/why-do-i-wake-up-at-the-same-time-every-night/,Why Do I Wake Up at the Same Time Every Night?,no,3,,draft-pending-validation,
waking up with anxiety,primary,,,,,,informational,waking-at-night,/waking-at-night/waking-up-with-anxiety/,Waking Up With Anxiety in the Night: Why It Happens and How to Settle,no,2,,draft-pending-validation,
waking up anxious in the middle of the night,secondary,,,,,,informational,waking-at-night,/waking-at-night/waking-up-with-anxiety/,Waking Up With Anxiety in the Night: Why It Happens and How to Settle,no,2,,draft-pending-validation,
waking up with a racing heart,secondary,,,,,,informational,waking-at-night,/waking-at-night/waking-up-with-anxiety/,Waking Up With Anxiety in the Night: Why It Happens and How to Settle,no,2,,draft-pending-validation,
night time panic waking,secondary,,,,,,informational,waking-at-night,/waking-at-night/waking-up-with-anxiety/,Waking Up With Anxiety in the Night: Why It Happens and How to Settle,no,2,,draft-pending-validation,
should I get up if I can't sleep,primary,,,,,,informational,waking-at-night,/waking-at-night/should-i-get-up-if-i-cant-sleep/,Should You Get Up If You Can't Sleep? The 20-Minute Rule Explained,no,2,,draft-pending-validation,
get out of bed if you can't sleep,secondary,,,,,,informational,waking-at-night,/waking-at-night/should-i-get-up-if-i-cant-sleep/,Should You Get Up If You Can't Sleep? The 20-Minute Rule Explained,no,2,,draft-pending-validation,
20 minute rule sleep,secondary,,,,,,informational,waking-at-night,/waking-at-night/should-i-get-up-if-i-cant-sleep/,Should You Get Up If You Can't Sleep? The 20-Minute Rule Explained,no,2,,draft-pending-validation,
stimulus control,secondary,,,,,,informational,waking-at-night,/waking-at-night/should-i-get-up-if-i-cant-sleep/,Should You Get Up If You Can't Sleep? The 20-Minute Rule Explained,no,2,,draft-pending-validation,
stay in bed or get up,secondary,,,,,,informational,waking-at-night,/waking-at-night/should-i-get-up-if-i-cant-sleep/,Should You Get Up If You Can't Sleep? The 20-Minute Rule Explained,no,2,,draft-pending-validation,
waking up hot at night,primary,,,,,,informational,waking-at-night,/waking-at-night/waking-up-hot-at-night/,Waking Up Hot at Night: Common Causes and How to Stay Cooler,yes: cooling-pillow; bedding,3,,draft-pending-validation,
waking up sweating at night,secondary,,,,,,informational,waking-at-night,/waking-at-night/waking-up-hot-at-night/,Waking Up Hot at Night: Common Causes and How to Stay Cooler,yes: cooling-pillow; bedding,3,,draft-pending-validation,
too hot to sleep waking up,secondary,,,,,,informational,waking-at-night,/waking-at-night/waking-up-hot-at-night/,Waking Up Hot at Night: Common Causes and How to Stay Cooler,yes: cooling-pillow; bedding,3,,draft-pending-validation,
overheating at night,secondary,,,,,,informational,waking-at-night,/waking-at-night/waking-up-hot-at-night/,Waking Up Hot at Night: Common Causes and How to Stay Cooler,yes: cooling-pillow; bedding,3,,draft-pending-validation,
light sleeper,primary,,,,,,informational,waking-at-night,/waking-at-night/light-sleeper/,Are You a Light Sleeper? How to Stop Waking at Every Noise,yes: earplugs; white-noise; sleep-mask,2,,draft-pending-validation,
how to stop being a light sleeper,secondary,,,,,,informational,waking-at-night,/waking-at-night/light-sleeper/,Are You a Light Sleeper? How to Stop Waking at Every Noise,yes: earplugs; white-noise; sleep-mask,2,,draft-pending-validation,
light sleeper tips,secondary,,,,,,informational,waking-at-night,/waking-at-night/light-sleeper/,Are You a Light Sleeper? How to Stop Waking at Every Noise,yes: earplugs; white-noise; sleep-mask,2,,draft-pending-validation,
wake up at every noise,secondary,,,,,,informational,waking-at-night,/waking-at-night/light-sleeper/,Are You a Light Sleeper? How to Stop Waking at Every Noise,yes: earplugs; white-noise; sleep-mask,2,,draft-pending-validation,
how to sleep more deeply,secondary,,,,,,informational,waking-at-night,/waking-at-night/light-sleeper/,Are You a Light Sleeper? How to Stop Waking at Every Noise,yes: earplugs; white-noise; sleep-mask,2,,draft-pending-validation,
brown noise for sleep,primary,,,,,,informational,sleep-sounds,/sleep-sounds/brown-noise-for-sleep/,Brown Noise for Sleep: What It Is and Why People Find It Calming,yes: white-noise; sleep-headphones,1,,draft-pending-validation,
brown noise,secondary,,,,,,informational,sleep-sounds,/sleep-sounds/brown-noise-for-sleep/,Brown Noise for Sleep: What It Is and Why People Find It Calming,yes: white-noise; sleep-headphones,1,,draft-pending-validation,
is brown noise good for sleep,secondary,,,,,,informational,sleep-sounds,/sleep-sounds/brown-noise-for-sleep/,Brown Noise for Sleep: What It Is and Why People Find It Calming,yes: white-noise; sleep-headphones,1,,draft-pending-validation,
brown noise sleep,secondary,,,,,,informational,sleep-sounds,/sleep-sounds/brown-noise-for-sleep/,Brown Noise for Sleep: What It Is and Why People Find It Calming,yes: white-noise; sleep-headphones,1,,draft-pending-validation,
what is brown noise,secondary,,,,,,informational,sleep-sounds,/sleep-sounds/brown-noise-for-sleep/,Brown Noise for Sleep: What It Is and Why People Find It Calming,yes: white-noise; sleep-headphones,1,,draft-pending-validation,
white noise for sleep,primary,,,,,,informational,sleep-sounds,/sleep-sounds/white-noise-for-sleep/,"White Noise for Sleep: Does It Help, and How to Use It Well",yes: white-noise,1,,draft-pending-validation,
white noise,secondary,,,,,,informational,sleep-sounds,/sleep-sounds/white-noise-for-sleep/,"White Noise for Sleep: Does It Help, and How to Use It Well",yes: white-noise,1,,draft-pending-validation,
does white noise help you sleep,secondary,,,,,,informational,sleep-sounds,/sleep-sounds/white-noise-for-sleep/,"White Noise for Sleep: Does It Help, and How to Use It Well",yes: white-noise,1,,draft-pending-validation,
white noise sleep,secondary,,,,,,informational,sleep-sounds,/sleep-sounds/white-noise-for-sleep/,"White Noise for Sleep: Does It Help, and How to Use It Well",yes: white-noise,1,,draft-pending-validation,
white noise benefits,secondary,,,,,,informational,sleep-sounds,/sleep-sounds/white-noise-for-sleep/,"White Noise for Sleep: Does It Help, and How to Use It Well",yes: white-noise,1,,draft-pending-validation,
pink noise for sleep,primary,,,,,,informational,sleep-sounds,/sleep-sounds/pink-noise-for-sleep/,Pink Noise for Sleep: The Gentler Alternative to White Noise,yes: white-noise,2,,draft-pending-validation,
pink noise,secondary,,,,,,informational,sleep-sounds,/sleep-sounds/pink-noise-for-sleep/,Pink Noise for Sleep: The Gentler Alternative to White Noise,yes: white-noise,2,,draft-pending-validation,
what is pink noise,secondary,,,,,,informational,sleep-sounds,/sleep-sounds/pink-noise-for-sleep/,Pink Noise for Sleep: The Gentler Alternative to White Noise,yes: white-noise,2,,draft-pending-validation,
pink noise sleep,secondary,,,,,,informational,sleep-sounds,/sleep-sounds/pink-noise-for-sleep/,Pink Noise for Sleep: The Gentler Alternative to White Noise,yes: white-noise,2,,draft-pending-validation,
pink noise vs white noise,secondary,,,,,,informational,sleep-sounds,/sleep-sounds/pink-noise-for-sleep/,Pink Noise for Sleep: The Gentler Alternative to White Noise,yes: white-noise,2,,draft-pending-validation,
rain sounds for sleep,primary,,,,,,informational,sleep-sounds,/sleep-sounds/rain-sounds-for-sleep/,Rain Sounds for Sleep: Why They Work and How to Use Them,yes: white-noise; sleep-headphones,2,,draft-pending-validation,
rain sounds,secondary,,,,,,informational,sleep-sounds,/sleep-sounds/rain-sounds-for-sleep/,Rain Sounds for Sleep: Why They Work and How to Use Them,yes: white-noise; sleep-headphones,2,,draft-pending-validation,
rain sounds sleeping,secondary,,,,,,informational,sleep-sounds,/sleep-sounds/rain-sounds-for-sleep/,Rain Sounds for Sleep: Why They Work and How to Use Them,yes: white-noise; sleep-headphones,2,,draft-pending-validation,
sleep to rain sounds,secondary,,,,,,informational,sleep-sounds,/sleep-sounds/rain-sounds-for-sleep/,Rain Sounds for Sleep: Why They Work and How to Use Them,yes: white-noise; sleep-headphones,2,,draft-pending-validation,
rain noise for sleep,secondary,,,,,,informational,sleep-sounds,/sleep-sounds/rain-sounds-for-sleep/,Rain Sounds for Sleep: Why They Work and How to Use Them,yes: white-noise; sleep-headphones,2,,draft-pending-validation,
ocean sounds for sleep,primary,,,,,,informational,sleep-sounds,/sleep-sounds/ocean-sounds-for-sleep/,"Ocean Sounds for Sleep: Waves, Rhythm and Relaxation",yes: white-noise,3,,draft-pending-validation,
ocean waves for sleep,secondary,,,,,,informational,sleep-sounds,/sleep-sounds/ocean-sounds-for-sleep/,"Ocean Sounds for Sleep: Waves, Rhythm and Relaxation",yes: white-noise,3,,draft-pending-validation,
sea sounds for sleep,secondary,,,,,,informational,sleep-sounds,/sleep-sounds/ocean-sounds-for-sleep/,"Ocean Sounds for Sleep: Waves, Rhythm and Relaxation",yes: white-noise,3,,draft-pending-validation,
wave sounds sleep,secondary,,,,,,informational,sleep-sounds,/sleep-sounds/ocean-sounds-for-sleep/,"Ocean Sounds for Sleep: Waves, Rhythm and Relaxation",yes: white-noise,3,,draft-pending-validation,
nature sounds for sleep,primary,,,,,,informational,sleep-sounds,/sleep-sounds/nature-sounds-for-sleep/,Nature Sounds for Sleep: Which Ones Help and Which Can Wake You,yes: white-noise,3,,draft-pending-validation,
nature sounds sleeping,secondary,,,,,,informational,sleep-sounds,/sleep-sounds/nature-sounds-for-sleep/,Nature Sounds for Sleep: Which Ones Help and Which Can Wake You,yes: white-noise,3,,draft-pending-validation,
forest sounds for sleep,secondary,,,,,,informational,sleep-sounds,/sleep-sounds/nature-sounds-for-sleep/,Nature Sounds for Sleep: Which Ones Help and Which Can Wake You,yes: white-noise,3,,draft-pending-validation,
calming nature sounds,secondary,,,,,,informational,sleep-sounds,/sleep-sounds/nature-sounds-for-sleep/,Nature Sounds for Sleep: Which Ones Help and Which Can Wake You,yes: white-noise,3,,draft-pending-validation,
sleep sounds,secondary,,,,,,informational,sleep-sounds,/sleep-sounds/nature-sounds-for-sleep/,Nature Sounds for Sleep: Which Ones Help and Which Can Wake You,yes: white-noise,3,,draft-pending-validation,
is it bad to sleep with white noise,primary,,,,,,informational,sleep-sounds,/sleep-sounds/is-it-bad-to-sleep-with-white-noise-on/,Is It Bad to Sleep With White Noise On All Night?,yes: white-noise,3,,draft-pending-validation,
sleeping with white noise all night,secondary,,,,,,informational,sleep-sounds,/sleep-sounds/is-it-bad-to-sleep-with-white-noise-on/,Is It Bad to Sleep With White Noise On All Night?,yes: white-noise,3,,draft-pending-validation,
white noise every night,secondary,,,,,,informational,sleep-sounds,/sleep-sounds/is-it-bad-to-sleep-with-white-noise-on/,Is It Bad to Sleep With White Noise On All Night?,yes: white-noise,3,,draft-pending-validation,
is white noise bad for you,secondary,,,,,,informational,sleep-sounds,/sleep-sounds/is-it-bad-to-sleep-with-white-noise-on/,Is It Bad to Sleep With White Noise On All Night?,yes: white-noise,3,,draft-pending-validation,
white noise dependency,secondary,,,,,,informational,sleep-sounds,/sleep-sounds/is-it-bad-to-sleep-with-white-noise-on/,Is It Bad to Sleep With White Noise On All Night?,yes: white-noise,3,,draft-pending-validation,
brown noise vs white noise,primary,,,,,,commercial,sleep-sounds,/sleep-sounds/brown-noise-vs-white-noise/,Brown Noise vs White Noise: Which Is Better for Sleep?,yes: white-noise; sleep-headphones,1,,draft-pending-validation,
white noise vs brown noise,secondary,,,,,,commercial,sleep-sounds,/sleep-sounds/brown-noise-vs-white-noise/,Brown Noise vs White Noise: Which Is Better for Sleep?,yes: white-noise; sleep-headphones,1,,draft-pending-validation,
brown or white noise for sleep,secondary,,,,,,commercial,sleep-sounds,/sleep-sounds/brown-noise-vs-white-noise/,Brown Noise vs White Noise: Which Is Better for Sleep?,yes: white-noise; sleep-headphones,1,,draft-pending-validation,
difference between brown and white noise,secondary,,,,,,commercial,sleep-sounds,/sleep-sounds/brown-noise-vs-white-noise/,Brown Noise vs White Noise: Which Is Better for Sleep?,yes: white-noise; sleep-headphones,1,,draft-pending-validation,
pink noise vs white noise,primary,,,,,,commercial,sleep-sounds,/sleep-sounds/pink-noise-vs-white-noise/,Pink Noise vs White Noise for Sleep,yes: white-noise,3,,draft-pending-validation,
white noise vs pink noise,secondary,,,,,,commercial,sleep-sounds,/sleep-sounds/pink-noise-vs-white-noise/,Pink Noise vs White Noise for Sleep,yes: white-noise,3,,draft-pending-validation,
pink or white noise for sleep,secondary,,,,,,commercial,sleep-sounds,/sleep-sounds/pink-noise-vs-white-noise/,Pink Noise vs White Noise for Sleep,yes: white-noise,3,,draft-pending-validation,
difference between pink and white noise,secondary,,,,,,commercial,sleep-sounds,/sleep-sounds/pink-noise-vs-white-noise/,Pink Noise vs White Noise for Sleep,yes: white-noise,3,,draft-pending-validation,
calming sounds for anxiety,primary,,,,,,informational,sleep-sounds,/sleep-sounds/calming-sounds-for-anxiety-at-night/,Calming Sounds for Anxiety at Night,yes: sleep-headphones,3,,draft-pending-validation,
relaxing sounds for anxiety,secondary,,,,,,informational,sleep-sounds,/sleep-sounds/calming-sounds-for-anxiety-at-night/,Calming Sounds for Anxiety at Night,yes: sleep-headphones,3,,draft-pending-validation,
sounds to calm anxiety at night,secondary,,,,,,informational,sleep-sounds,/sleep-sounds/calming-sounds-for-anxiety-at-night/,Calming Sounds for Anxiety at Night,yes: sleep-headphones,3,,draft-pending-validation,
soothing sounds for sleep anxiety,secondary,,,,,,informational,sleep-sounds,/sleep-sounds/calming-sounds-for-anxiety-at-night/,Calming Sounds for Anxiety at Night,yes: sleep-headphones,3,,draft-pending-validation,
best temperature for sleep,primary,,,,,,informational,sleep-environment,/sleep-environment/best-temperature-for-sleep/,What Is the Best Temperature for Sleep? A UK Bedroom Guide,yes: cooling-pillow; bedding,1,,draft-pending-validation,
best bedroom temperature for sleep,secondary,,,,,,informational,sleep-environment,/sleep-environment/best-temperature-for-sleep/,What Is the Best Temperature for Sleep? A UK Bedroom Guide,yes: cooling-pillow; bedding,1,,draft-pending-validation,
ideal room temperature for sleeping,secondary,,,,,,informational,sleep-environment,/sleep-environment/best-temperature-for-sleep/,What Is the Best Temperature for Sleep? A UK Bedroom Guide,yes: cooling-pillow; bedding,1,,draft-pending-validation,
what temperature should a bedroom be,secondary,,,,,,informational,sleep-environment,/sleep-environment/best-temperature-for-sleep/,What Is the Best Temperature for Sleep? A UK Bedroom Guide,yes: cooling-pillow; bedding,1,,draft-pending-validation,
best temperature to sleep uk,secondary,,,,,,informational,sleep-environment,/sleep-environment/best-temperature-for-sleep/,What Is the Best Temperature for Sleep? A UK Bedroom Guide,yes: cooling-pillow; bedding,1,,draft-pending-validation,
how to make bedroom darker,primary,,,,,,informational,sleep-environment,/sleep-environment/how-to-make-bedroom-darker/,How to Make Your Bedroom Darker for Better Sleep,yes: sleep-mask; blackout-curtains,1,,draft-pending-validation,
how to make room darker for sleep,secondary,,,,,,informational,sleep-environment,/sleep-environment/how-to-make-bedroom-darker/,How to Make Your Bedroom Darker for Better Sleep,yes: sleep-mask; blackout-curtains,1,,draft-pending-validation,
dark bedroom sleep,secondary,,,,,,informational,sleep-environment,/sleep-environment/how-to-make-bedroom-darker/,How to Make Your Bedroom Darker for Better Sleep,yes: sleep-mask; blackout-curtains,1,,draft-pending-validation,
how to block light in bedroom,secondary,,,,,,informational,sleep-environment,/sleep-environment/how-to-make-bedroom-darker/,How to Make Your Bedroom Darker for Better Sleep,yes: sleep-mask; blackout-curtains,1,,draft-pending-validation,
bedroom too bright,secondary,,,,,,informational,sleep-environment,/sleep-environment/how-to-make-bedroom-darker/,How to Make Your Bedroom Darker for Better Sleep,yes: sleep-mask; blackout-curtains,1,,draft-pending-validation,
bedroom lighting for sleep,primary,,,,,,informational,sleep-environment,/sleep-environment/bedroom-lighting-for-sleep/,"Bedroom Lighting for Sleep: Evening Light, Bulbs and Bedside Lamps",no,2,,draft-pending-validation,
best lighting for sleep,secondary,,,,,,informational,sleep-environment,/sleep-environment/bedroom-lighting-for-sleep/,"Bedroom Lighting for Sleep: Evening Light, Bulbs and Bedside Lamps",no,2,,draft-pending-validation,
warm light for sleep,secondary,,,,,,informational,sleep-environment,/sleep-environment/bedroom-lighting-for-sleep/,"Bedroom Lighting for Sleep: Evening Light, Bulbs and Bedside Lamps",no,2,,draft-pending-validation,
best bedroom light for sleeping,secondary,,,,,,informational,sleep-environment,/sleep-environment/bedroom-lighting-for-sleep/,"Bedroom Lighting for Sleep: Evening Light, Bulbs and Bedside Lamps",no,2,,draft-pending-validation,
light before bed,secondary,,,,,,informational,sleep-environment,/sleep-environment/bedroom-lighting-for-sleep/,"Bedroom Lighting for Sleep: Evening Light, Bulbs and Bedside Lamps",no,2,,draft-pending-validation,
how to block out noise at night,primary,,,,,,informational,sleep-environment,/sleep-environment/how-to-block-out-noise-at-night/,How to Block Out Noise at Night: Practical Fixes for a Quieter Bedroom,yes: earplugs; white-noise; sleep-headphones,1,,draft-pending-validation,
how to block out noise when sleeping,secondary,,,,,,informational,sleep-environment,/sleep-environment/how-to-block-out-noise-at-night/,How to Block Out Noise at Night: Practical Fixes for a Quieter Bedroom,yes: earplugs; white-noise; sleep-headphones,1,,draft-pending-validation,
how to sleep with noise,secondary,,,,,,informational,sleep-environment,/sleep-environment/how-to-block-out-noise-at-night/,How to Block Out Noise at Night: Practical Fixes for a Quieter Bedroom,yes: earplugs; white-noise; sleep-headphones,1,,draft-pending-validation,
noisy neighbours can't sleep,secondary,,,,,,informational,sleep-environment,/sleep-environment/how-to-block-out-noise-at-night/,How to Block Out Noise at Night: Practical Fixes for a Quieter Bedroom,yes: earplugs; white-noise; sleep-headphones,1,,draft-pending-validation,
reduce noise in bedroom,secondary,,,,,,informational,sleep-environment,/sleep-environment/how-to-block-out-noise-at-night/,How to Block Out Noise at Night: Practical Fixes for a Quieter Bedroom,yes: earplugs; white-noise; sleep-headphones,1,,draft-pending-validation,
bedroom setup for sleep,primary,,,,,,informational,sleep-environment,/sleep-environment/bedroom-setup-for-better-sleep/,Bedroom Setup for Better Sleep: A Room-by-Room Checklist,yes: sleep-mask; blackout-curtains; pillow,2,,draft-pending-validation,
how to set up bedroom for sleep,secondary,,,,,,informational,sleep-environment,/sleep-environment/bedroom-setup-for-better-sleep/,Bedroom Setup for Better Sleep: A Room-by-Room Checklist,yes: sleep-mask; blackout-curtains; pillow,2,,draft-pending-validation,
sleep friendly bedroom,secondary,,,,,,informational,sleep-environment,/sleep-environment/bedroom-setup-for-better-sleep/,Bedroom Setup for Better Sleep: A Room-by-Room Checklist,yes: sleep-mask; blackout-curtains; pillow,2,,draft-pending-validation,
best bedroom for sleep,secondary,,,,,,informational,sleep-environment,/sleep-environment/bedroom-setup-for-better-sleep/,Bedroom Setup for Better Sleep: A Room-by-Room Checklist,yes: sleep-mask; blackout-curtains; pillow,2,,draft-pending-validation,
bedroom environment for sleep,secondary,,,,,,informational,sleep-environment,/sleep-environment/bedroom-setup-for-better-sleep/,Bedroom Setup for Better Sleep: A Room-by-Room Checklist,yes: sleep-mask; blackout-curtains; pillow,2,,draft-pending-validation,
how to sleep when it's hot,primary,,,,,,informational,sleep-environment,/sleep-environment/how-to-sleep-when-its-hot/,How to Sleep When It's Hot: A Guide for UK Homes Without Air Conditioning,yes: cooling-pillow; bedding; fan,1,,draft-pending-validation,
how to sleep in the heat,secondary,,,,,,informational,sleep-environment,/sleep-environment/how-to-sleep-when-its-hot/,How to Sleep When It's Hot: A Guide for UK Homes Without Air Conditioning,yes: cooling-pillow; bedding; fan,1,,draft-pending-validation,
how to sleep in hot weather,secondary,,,,,,informational,sleep-environment,/sleep-environment/how-to-sleep-when-its-hot/,How to Sleep When It's Hot: A Guide for UK Homes Without Air Conditioning,yes: cooling-pillow; bedding; fan,1,,draft-pending-validation,
can't sleep hot weather,secondary,,,,,,informational,sleep-environment,/sleep-environment/how-to-sleep-when-its-hot/,How to Sleep When It's Hot: A Guide for UK Homes Without Air Conditioning,yes: cooling-pillow; bedding; fan,1,,draft-pending-validation,
how to keep cool at night,secondary,,,,,,informational,sleep-environment,/sleep-environment/how-to-sleep-when-its-hot/,How to Sleep When It's Hot: A Guide for UK Homes Without Air Conditioning,yes: cooling-pillow; bedding; fan,1,,draft-pending-validation,
how to sleep when it's cold,primary,,,,,,informational,sleep-environment,/sleep-environment/how-to-sleep-when-its-cold/,How to Sleep When It's Cold Without Overheating,yes: bedding,3,,draft-pending-validation,
how to stay warm in bed,secondary,,,,,,informational,sleep-environment,/sleep-environment/how-to-sleep-when-its-cold/,How to Sleep When It's Cold Without Overheating,yes: bedding,3,,draft-pending-validation,
cold bedroom sleep,secondary,,,,,,informational,sleep-environment,/sleep-environment/how-to-sleep-when-its-cold/,How to Sleep When It's Cold Without Overheating,yes: bedding,3,,draft-pending-validation,
sleeping in a cold room,secondary,,,,,,informational,sleep-environment,/sleep-environment/how-to-sleep-when-its-cold/,How to Sleep When It's Cold Without Overheating,yes: bedding,3,,draft-pending-validation,
too cold to sleep,secondary,,,,,,informational,sleep-environment,/sleep-environment/how-to-sleep-when-its-cold/,How to Sleep When It's Cold Without Overheating,yes: bedding,3,,draft-pending-validation,
sleep mask vs blackout curtains,primary,,,,,,commercial,sleep-environment,/sleep-environment/sleep-mask-vs-blackout-curtains/,Sleep Mask vs Blackout Curtains: Which Is Better for a Dark Bedroom?,yes: sleep-mask; blackout-curtains,2,,draft-pending-validation,
blackout curtains or sleep mask,secondary,,,,,,commercial,sleep-environment,/sleep-environment/sleep-mask-vs-blackout-curtains/,Sleep Mask vs Blackout Curtains: Which Is Better for a Dark Bedroom?,yes: sleep-mask; blackout-curtains,2,,draft-pending-validation,
blackout blinds vs eye mask,secondary,,,,,,commercial,sleep-environment,/sleep-environment/sleep-mask-vs-blackout-curtains/,Sleep Mask vs Blackout Curtains: Which Is Better for a Dark Bedroom?,yes: sleep-mask; blackout-curtains,2,,draft-pending-validation,
best way to block light for sleep,secondary,,,,,,commercial,sleep-environment,/sleep-environment/sleep-mask-vs-blackout-curtains/,Sleep Mask vs Blackout Curtains: Which Is Better for a Dark Bedroom?,yes: sleep-mask; blackout-curtains,2,,draft-pending-validation,
earplugs vs white noise,primary,,,,,,commercial,sleep-environment,/sleep-environment/earplugs-vs-white-noise/,Earplugs vs White Noise: Which Is Better for Blocking Noise at Night?,yes: earplugs; white-noise,3,,draft-pending-validation,
white noise or earplugs,secondary,,,,,,commercial,sleep-environment,/sleep-environment/earplugs-vs-white-noise/,Earplugs vs White Noise: Which Is Better for Blocking Noise at Night?,yes: earplugs; white-noise,3,,draft-pending-validation,
earplugs or white noise for sleeping,secondary,,,,,,commercial,sleep-environment,/sleep-environment/earplugs-vs-white-noise/,Earplugs vs White Noise: Which Is Better for Blocking Noise at Night?,yes: earplugs; white-noise,3,,draft-pending-validation,
best way to block noise for sleep,secondary,,,,,,commercial,sleep-environment,/sleep-environment/earplugs-vs-white-noise/,Earplugs vs White Noise: Which Is Better for Blocking Noise at Night?,yes: earplugs; white-noise,3,,draft-pending-validation,
best duvet tog for sleep,primary,,,,,,informational,sleep-environment,/sleep-environment/bedding-and-sleep/,"Bedding and Sleep: Duvet Togs, Fabrics and Staying Comfortable All Year",yes: bedding,3,,draft-pending-validation,
what tog duvet for summer,secondary,,,,,,informational,sleep-environment,/sleep-environment/bedding-and-sleep/,"Bedding and Sleep: Duvet Togs, Fabrics and Staying Comfortable All Year",yes: bedding,3,,draft-pending-validation,
duvet tog guide,secondary,,,,,,informational,sleep-environment,/sleep-environment/bedding-and-sleep/,"Bedding and Sleep: Duvet Togs, Fabrics and Staying Comfortable All Year",yes: bedding,3,,draft-pending-validation,
best bedding for hot sleepers,secondary,,,,,,informational,sleep-environment,/sleep-environment/bedding-and-sleep/,"Bedding and Sleep: Duvet Togs, Fabrics and Staying Comfortable All Year",yes: bedding,3,,draft-pending-validation,
bedding for better sleep,secondary,,,,,,informational,sleep-environment,/sleep-environment/bedding-and-sleep/,"Bedding and Sleep: Duvet Togs, Fabrics and Staying Comfortable All Year",yes: bedding,3,,draft-pending-validation,
how to sleep with a snoring partner,primary,,,,,,informational,sleep-environment,/sleep-environment/how-to-sleep-with-a-snoring-partner/,How to Sleep With a Snoring Partner,yes: earplugs; white-noise; sleep-headphones,2,,draft-pending-validation,
partner snoring can't sleep,secondary,,,,,,informational,sleep-environment,/sleep-environment/how-to-sleep-with-a-snoring-partner/,How to Sleep With a Snoring Partner,yes: earplugs; white-noise; sleep-headphones,2,,draft-pending-validation,
how to block out snoring,secondary,,,,,,informational,sleep-environment,/sleep-environment/how-to-sleep-with-a-snoring-partner/,How to Sleep With a Snoring Partner,yes: earplugs; white-noise; sleep-headphones,2,,draft-pending-validation,
sleeping next to a snorer,secondary,,,,,,informational,sleep-environment,/sleep-environment/how-to-sleep-with-a-snoring-partner/,How to Sleep With a Snoring Partner,yes: earplugs; white-noise; sleep-headphones,2,,draft-pending-validation,
snoring partner,secondary,,,,,,informational,sleep-environment,/sleep-environment/how-to-sleep-with-a-snoring-partner/,How to Sleep With a Snoring Partner,yes: earplugs; white-noise; sleep-headphones,2,,draft-pending-validation,
best sleep mask uk,primary,,,,,,commercial,sleep-products,/sleep-products/best-sleep-masks-uk/,Best Sleep Masks UK: How to Choose One That Actually Blocks Light,yes: sleep-mask,1,,draft-pending-validation,
best sleep mask,secondary,,,,,,commercial,sleep-products,/sleep-products/best-sleep-masks-uk/,Best Sleep Masks UK: How to Choose One That Actually Blocks Light,yes: sleep-mask,1,,draft-pending-validation,
best eye mask for sleeping,secondary,,,,,,commercial,sleep-products,/sleep-products/best-sleep-masks-uk/,Best Sleep Masks UK: How to Choose One That Actually Blocks Light,yes: sleep-mask,1,,draft-pending-validation,
sleep mask uk,secondary,,,,,,commercial,sleep-products,/sleep-products/best-sleep-masks-uk/,Best Sleep Masks UK: How to Choose One That Actually Blocks Light,yes: sleep-mask,1,,draft-pending-validation,
contoured sleep mask,secondary,,,,,,commercial,sleep-products,/sleep-products/best-sleep-masks-uk/,Best Sleep Masks UK: How to Choose One That Actually Blocks Light,yes: sleep-mask,1,,draft-pending-validation,
best earplugs for sleeping uk,primary,,,,,,commercial,sleep-products,/sleep-products/best-earplugs-for-sleeping-uk/,"Best Earplugs for Sleeping UK: Foam, Silicone, Wax and Reusable Options",yes: earplugs,1,,draft-pending-validation,
best earplugs for sleeping,secondary,,,,,,commercial,sleep-products,/sleep-products/best-earplugs-for-sleeping-uk/,"Best Earplugs for Sleeping UK: Foam, Silicone, Wax and Reusable Options",yes: earplugs,1,,draft-pending-validation,
earplugs for sleeping,secondary,,,,,,commercial,sleep-products,/sleep-products/best-earplugs-for-sleeping-uk/,"Best Earplugs for Sleeping UK: Foam, Silicone, Wax and Reusable Options",yes: earplugs,1,,draft-pending-validation,
sleeping earplugs uk,secondary,,,,,,commercial,sleep-products,/sleep-products/best-earplugs-for-sleeping-uk/,"Best Earplugs for Sleeping UK: Foam, Silicone, Wax and Reusable Options",yes: earplugs,1,,draft-pending-validation,
comfortable earplugs for side sleepers,secondary,,,,,,commercial,sleep-products,/sleep-products/best-earplugs-for-sleeping-uk/,"Best Earplugs for Sleeping UK: Foam, Silicone, Wax and Reusable Options",yes: earplugs,1,,draft-pending-validation,
best white noise machine uk,primary,,,,,,commercial,sleep-products,/sleep-products/best-white-noise-machines-uk/,Best White Noise Machines UK: What to Look For,yes: white-noise,1,,draft-pending-validation,
white noise machine,secondary,,,,,,commercial,sleep-products,/sleep-products/best-white-noise-machines-uk/,Best White Noise Machines UK: What to Look For,yes: white-noise,1,,draft-pending-validation,
white noise machine for adults,secondary,,,,,,commercial,sleep-products,/sleep-products/best-white-noise-machines-uk/,Best White Noise Machines UK: What to Look For,yes: white-noise,1,,draft-pending-validation,
sound machine for sleep uk,secondary,,,,,,commercial,sleep-products,/sleep-products/best-white-noise-machines-uk/,Best White Noise Machines UK: What to Look For,yes: white-noise,1,,draft-pending-validation,
best sound machine for sleep,secondary,,,,,,commercial,sleep-products,/sleep-products/best-white-noise-machines-uk/,Best White Noise Machines UK: What to Look For,yes: white-noise,1,,draft-pending-validation,
best sleep headphones uk,primary,,,,,,commercial,sleep-products,/sleep-products/best-sleep-headphones-uk/,"Best Sleep Headphones UK: Headbands, Earbuds and Options for Side Sleepers",yes: sleep-headphones,1,,draft-pending-validation,
sleep headphones,secondary,,,,,,commercial,sleep-products,/sleep-products/best-sleep-headphones-uk/,"Best Sleep Headphones UK: Headbands, Earbuds and Options for Side Sleepers",yes: sleep-headphones,1,,draft-pending-validation,
headphones for sleeping,secondary,,,,,,commercial,sleep-products,/sleep-products/best-sleep-headphones-uk/,"Best Sleep Headphones UK: Headbands, Earbuds and Options for Side Sleepers",yes: sleep-headphones,1,,draft-pending-validation,
sleep headband headphones,secondary,,,,,,commercial,sleep-products,/sleep-products/best-sleep-headphones-uk/,"Best Sleep Headphones UK: Headbands, Earbuds and Options for Side Sleepers",yes: sleep-headphones,1,,draft-pending-validation,
best headphones for sleeping,secondary,,,,,,commercial,sleep-products,/sleep-products/best-sleep-headphones-uk/,"Best Sleep Headphones UK: Headbands, Earbuds and Options for Side Sleepers",yes: sleep-headphones,1,,draft-pending-validation,
best pillow for side sleepers uk,primary,,,,,,commercial,sleep-products,/sleep-products/best-pillows-for-side-sleepers-uk/,"Best Pillows for Side Sleepers UK: Height, Firmness and Fill Explained",yes: pillow,2,,draft-pending-validation,
best pillow for side sleepers,secondary,,,,,,commercial,sleep-products,/sleep-products/best-pillows-for-side-sleepers-uk/,"Best Pillows for Side Sleepers UK: Height, Firmness and Fill Explained",yes: pillow,2,,draft-pending-validation,
side sleeper pillow,secondary,,,,,,commercial,sleep-products,/sleep-products/best-pillows-for-side-sleepers-uk/,"Best Pillows for Side Sleepers UK: Height, Firmness and Fill Explained",yes: pillow,2,,draft-pending-validation,
pillow for side sleeping,secondary,,,,,,commercial,sleep-products,/sleep-products/best-pillows-for-side-sleepers-uk/,"Best Pillows for Side Sleepers UK: Height, Firmness and Fill Explained",yes: pillow,2,,draft-pending-validation,
firm pillow for side sleepers,secondary,,,,,,commercial,sleep-products,/sleep-products/best-pillows-for-side-sleepers-uk/,"Best Pillows for Side Sleepers UK: Height, Firmness and Fill Explained",yes: pillow,2,,draft-pending-validation,
best blackout curtains uk,primary,,,,,,commercial,sleep-products,/sleep-products/best-blackout-curtains-uk/,Best Blackout Curtains UK: A Practical Buying Guide,yes: blackout-curtains,2,,draft-pending-validation,
blackout curtains,secondary,,,,,,commercial,sleep-products,/sleep-products/best-blackout-curtains-uk/,Best Blackout Curtains UK: A Practical Buying Guide,yes: blackout-curtains,2,,draft-pending-validation,
blackout blinds for bedroom,secondary,,,,,,commercial,sleep-products,/sleep-products/best-blackout-curtains-uk/,Best Blackout Curtains UK: A Practical Buying Guide,yes: blackout-curtains,2,,draft-pending-validation,
thermal blackout curtains,secondary,,,,,,commercial,sleep-products,/sleep-products/best-blackout-curtains-uk/,Best Blackout Curtains UK: A Practical Buying Guide,yes: blackout-curtains,2,,draft-pending-validation,
blackout curtains for sleep,secondary,,,,,,commercial,sleep-products,/sleep-products/best-blackout-curtains-uk/,Best Blackout Curtains UK: A Practical Buying Guide,yes: blackout-curtains,2,,draft-pending-validation,
weighted blanket for sleep,primary,,,,,,commercial,sleep-products,/sleep-products/weighted-blankets-guide/,"Weighted Blankets: Do They Help With Sleep, and How to Choose One",yes: weighted-blanket,2,,draft-pending-validation,
do weighted blankets work,secondary,,,,,,commercial,sleep-products,/sleep-products/weighted-blankets-guide/,"Weighted Blankets: Do They Help With Sleep, and How to Choose One",yes: weighted-blanket,2,,draft-pending-validation,
weighted blanket benefits,secondary,,,,,,commercial,sleep-products,/sleep-products/weighted-blankets-guide/,"Weighted Blankets: Do They Help With Sleep, and How to Choose One",yes: weighted-blanket,2,,draft-pending-validation,
best weighted blanket uk,secondary,,,,,,commercial,sleep-products,/sleep-products/weighted-blankets-guide/,"Weighted Blankets: Do They Help With Sleep, and How to Choose One",yes: weighted-blanket,2,,draft-pending-validation,
weighted blanket weight guide,secondary,,,,,,commercial,sleep-products,/sleep-products/weighted-blankets-guide/,"Weighted Blankets: Do They Help With Sleep, and How to Choose One",yes: weighted-blanket,2,,draft-pending-validation,
types of sleep headphones,primary,,,,,,commercial,sleep-products,/sleep-products/types-of-sleep-headphones/,"Types of Sleep Headphones Compared: Headband, Earbud and Bone Conduction",yes: sleep-headphones,3,,draft-pending-validation,
sleep headband vs earbuds,secondary,,,,,,commercial,sleep-products,/sleep-products/types-of-sleep-headphones/,"Types of Sleep Headphones Compared: Headband, Earbud and Bone Conduction",yes: sleep-headphones,3,,draft-pending-validation,
bone conduction headphones for sleep,secondary,,,,,,commercial,sleep-products,/sleep-products/types-of-sleep-headphones/,"Types of Sleep Headphones Compared: Headband, Earbud and Bone Conduction",yes: sleep-headphones,3,,draft-pending-validation,
sleep headphones for side sleepers,secondary,,,,,,commercial,sleep-products,/sleep-products/types-of-sleep-headphones/,"Types of Sleep Headphones Compared: Headband, Earbud and Bone Conduction",yes: sleep-headphones,3,,draft-pending-validation,
types of earplugs for sleeping,primary,,,,,,commercial,sleep-products,/sleep-products/types-of-earplugs-for-sleep/,"Foam, Silicone or Wax Earplugs for Sleep: Which Type Suits You?",yes: earplugs,3,,draft-pending-validation,
foam vs silicone earplugs,secondary,,,,,,commercial,sleep-products,/sleep-products/types-of-earplugs-for-sleep/,"Foam, Silicone or Wax Earplugs for Sleep: Which Type Suits You?",yes: earplugs,3,,draft-pending-validation,
wax earplugs for sleeping,secondary,,,,,,commercial,sleep-products,/sleep-products/types-of-earplugs-for-sleep/,"Foam, Silicone or Wax Earplugs for Sleep: Which Type Suits You?",yes: earplugs,3,,draft-pending-validation,
reusable earplugs for sleep,secondary,,,,,,commercial,sleep-products,/sleep-products/types-of-earplugs-for-sleep/,"Foam, Silicone or Wax Earplugs for Sleep: Which Type Suits You?",yes: earplugs,3,,draft-pending-validation,
earplugs for side sleepers,secondary,,,,,,commercial,sleep-products,/sleep-products/types-of-earplugs-for-sleep/,"Foam, Silicone or Wax Earplugs for Sleep: Which Type Suits You?",yes: earplugs,3,,draft-pending-validation,
how to choose a white noise machine,primary,,,,,,commercial,sleep-products,/sleep-products/how-to-choose-a-white-noise-machine/,How to Choose a White Noise Machine: Features That Matter,yes: white-noise,3,,draft-pending-validation,
white noise machine features,secondary,,,,,,commercial,sleep-products,/sleep-products/how-to-choose-a-white-noise-machine/,How to Choose a White Noise Machine: Features That Matter,yes: white-noise,3,,draft-pending-validation,
what to look for in a sound machine,secondary,,,,,,commercial,sleep-products,/sleep-products/how-to-choose-a-white-noise-machine/,How to Choose a White Noise Machine: Features That Matter,yes: white-noise,3,,draft-pending-validation,
white noise machine vs app,secondary,,,,,,commercial,sleep-products,/sleep-products/how-to-choose-a-white-noise-machine/,How to Choose a White Noise Machine: Features That Matter,yes: white-noise,3,,draft-pending-validation,
fan vs white noise machine,secondary,,,,,,commercial,sleep-products,/sleep-products/how-to-choose-a-white-noise-machine/,How to Choose a White Noise Machine: Features That Matter,yes: white-noise,3,,draft-pending-validation,
best cooling pillow uk,primary,,,,,,commercial,sleep-products,/sleep-products/best-cooling-pillows-uk/,Best Cooling Pillows UK: How They Work and What to Look For,yes: cooling-pillow,3,,draft-pending-validation,
cooling pillow,secondary,,,,,,commercial,sleep-products,/sleep-products/best-cooling-pillows-uk/,Best Cooling Pillows UK: How They Work and What to Look For,yes: cooling-pillow,3,,draft-pending-validation,
cooling pillow for hot sleepers,secondary,,,,,,commercial,sleep-products,/sleep-products/best-cooling-pillows-uk/,Best Cooling Pillows UK: How They Work and What to Look For,yes: cooling-pillow,3,,draft-pending-validation,
gel pillow uk,secondary,,,,,,commercial,sleep-products,/sleep-products/best-cooling-pillows-uk/,Best Cooling Pillows UK: How They Work and What to Look For,yes: cooling-pillow,3,,draft-pending-validation,
pillow for night sweats,secondary,,,,,,commercial,sleep-products,/sleep-products/best-cooling-pillows-uk/,Best Cooling Pillows UK: How They Work and What to Look For,yes: cooling-pillow,3,,draft-pending-validation,
how to choose a mattress uk,primary,,,,,,commercial,sleep-products,/sleep-products/mattress-buying-guide-uk/,How to Choose a Mattress: A Plain-English UK Buying Guide,yes: mattress,2,,draft-pending-validation,
mattress buying guide,secondary,,,,,,commercial,sleep-products,/sleep-products/mattress-buying-guide-uk/,How to Choose a Mattress: A Plain-English UK Buying Guide,yes: mattress,2,,draft-pending-validation,
what mattress should I buy,secondary,,,,,,commercial,sleep-products,/sleep-products/mattress-buying-guide-uk/,How to Choose a Mattress: A Plain-English UK Buying Guide,yes: mattress,2,,draft-pending-validation,
mattress firmness guide,secondary,,,,,,commercial,sleep-products,/sleep-products/mattress-buying-guide-uk/,How to Choose a Mattress: A Plain-English UK Buying Guide,yes: mattress,2,,draft-pending-validation,
memory foam vs pocket sprung,secondary,,,,,,commercial,sleep-products,/sleep-products/mattress-buying-guide-uk/,How to Choose a Mattress: A Plain-English UK Buying Guide,yes: mattress,2,,draft-pending-validation,
breathing exercises for sleep,primary,,,,,,informational,relaxation,/relaxation/breathing-exercises-for-sleep/,Breathing Exercises for Sleep: 5 Techniques to Try Tonight,yes: sleep-headphones,1,,draft-pending-validation,
breathing exercises before bed,secondary,,,,,,informational,relaxation,/relaxation/breathing-exercises-for-sleep/,Breathing Exercises for Sleep: 5 Techniques to Try Tonight,yes: sleep-headphones,1,,draft-pending-validation,
breathing techniques for sleep,secondary,,,,,,informational,relaxation,/relaxation/breathing-exercises-for-sleep/,Breathing Exercises for Sleep: 5 Techniques to Try Tonight,yes: sleep-headphones,1,,draft-pending-validation,
breathing to fall asleep,secondary,,,,,,informational,relaxation,/relaxation/breathing-exercises-for-sleep/,Breathing Exercises for Sleep: 5 Techniques to Try Tonight,yes: sleep-headphones,1,,draft-pending-validation,
deep breathing for sleep,secondary,,,,,,informational,relaxation,/relaxation/breathing-exercises-for-sleep/,Breathing Exercises for Sleep: 5 Techniques to Try Tonight,yes: sleep-headphones,1,,draft-pending-validation,
4-7-8 breathing,primary,,,,,,informational,relaxation,/relaxation/4-7-8-breathing/,4-7-8 Breathing for Sleep: How to Do It and What to Expect,no,1,,draft-pending-validation,
4 7 8 breathing technique,secondary,,,,,,informational,relaxation,/relaxation/4-7-8-breathing/,4-7-8 Breathing for Sleep: How to Do It and What to Expect,no,1,,draft-pending-validation,
4-7-8 breathing for sleep,secondary,,,,,,informational,relaxation,/relaxation/4-7-8-breathing/,4-7-8 Breathing for Sleep: How to Do It and What to Expect,no,1,,draft-pending-validation,
478 breathing,secondary,,,,,,informational,relaxation,/relaxation/4-7-8-breathing/,4-7-8 Breathing for Sleep: How to Do It and What to Expect,no,1,,draft-pending-validation,
4 7 8 sleep method,secondary,,,,,,informational,relaxation,/relaxation/4-7-8-breathing/,4-7-8 Breathing for Sleep: How to Do It and What to Expect,no,1,,draft-pending-validation,
progressive muscle relaxation for sleep,primary,,,,,,informational,relaxation,/relaxation/progressive-muscle-relaxation-for-sleep/,Progressive Muscle Relaxation for Sleep: A Step-by-Step Script,yes: sleep-headphones,1,,draft-pending-validation,
progressive muscle relaxation,secondary,,,,,,informational,relaxation,/relaxation/progressive-muscle-relaxation-for-sleep/,Progressive Muscle Relaxation for Sleep: A Step-by-Step Script,yes: sleep-headphones,1,,draft-pending-validation,
PMR for sleep,secondary,,,,,,informational,relaxation,/relaxation/progressive-muscle-relaxation-for-sleep/,Progressive Muscle Relaxation for Sleep: A Step-by-Step Script,yes: sleep-headphones,1,,draft-pending-validation,
muscle relaxation before bed,secondary,,,,,,informational,relaxation,/relaxation/progressive-muscle-relaxation-for-sleep/,Progressive Muscle Relaxation for Sleep: A Step-by-Step Script,yes: sleep-headphones,1,,draft-pending-validation,
progressive relaxation script,secondary,,,,,,informational,relaxation,/relaxation/progressive-muscle-relaxation-for-sleep/,Progressive Muscle Relaxation for Sleep: A Step-by-Step Script,yes: sleep-headphones,1,,draft-pending-validation,
bedtime meditation,primary,,,,,,informational,relaxation,/relaxation/bedtime-meditation-for-sleep/,Bedtime Meditation for Sleep: A Beginner's Guide,yes: sleep-headphones,2,,draft-pending-validation,
meditation for sleep,secondary,,,,,,informational,relaxation,/relaxation/bedtime-meditation-for-sleep/,Bedtime Meditation for Sleep: A Beginner's Guide,yes: sleep-headphones,2,,draft-pending-validation,
sleep meditation,secondary,,,,,,informational,relaxation,/relaxation/bedtime-meditation-for-sleep/,Bedtime Meditation for Sleep: A Beginner's Guide,yes: sleep-headphones,2,,draft-pending-validation,
meditation before bed,secondary,,,,,,informational,relaxation,/relaxation/bedtime-meditation-for-sleep/,Bedtime Meditation for Sleep: A Beginner's Guide,yes: sleep-headphones,2,,draft-pending-validation,
how to meditate to fall asleep,secondary,,,,,,informational,relaxation,/relaxation/bedtime-meditation-for-sleep/,Bedtime Meditation for Sleep: A Beginner's Guide,yes: sleep-headphones,2,,draft-pending-validation,
body scan for sleep,primary,,,,,,informational,relaxation,/relaxation/body-scan-for-sleep/,Body Scan for Sleep: How to Do It (With a Simple Script),no,2,,draft-pending-validation,
body scan meditation for sleep,secondary,,,,,,informational,relaxation,/relaxation/body-scan-for-sleep/,Body Scan for Sleep: How to Do It (With a Simple Script),no,2,,draft-pending-validation,
body scan relaxation,secondary,,,,,,informational,relaxation,/relaxation/body-scan-for-sleep/,Body Scan for Sleep: How to Do It (With a Simple Script),no,2,,draft-pending-validation,
body scan before bed,secondary,,,,,,informational,relaxation,/relaxation/body-scan-for-sleep/,Body Scan for Sleep: How to Do It (With a Simple Script),no,2,,draft-pending-validation,
bedtime relaxation techniques,primary,,,,,,informational,relaxation,/relaxation/bedtime-relaxation-techniques/,Bedtime Relaxation Techniques: Which Ones Work and How to Choose,yes: weighted-blanket; sleep-headphones,1,,draft-pending-validation,
relaxation techniques for sleep,secondary,,,,,,informational,relaxation,/relaxation/bedtime-relaxation-techniques/,Bedtime Relaxation Techniques: Which Ones Work and How to Choose,yes: weighted-blanket; sleep-headphones,1,,draft-pending-validation,
how to relax before bed,secondary,,,,,,informational,relaxation,/relaxation/bedtime-relaxation-techniques/,Bedtime Relaxation Techniques: Which Ones Work and How to Choose,yes: weighted-blanket; sleep-headphones,1,,draft-pending-validation,
relaxation exercises for sleep,secondary,,,,,,informational,relaxation,/relaxation/bedtime-relaxation-techniques/,Bedtime Relaxation Techniques: Which Ones Work and How to Choose,yes: weighted-blanket; sleep-headphones,1,,draft-pending-validation,
ways to relax before sleep,secondary,,,,,,informational,relaxation,/relaxation/bedtime-relaxation-techniques/,Bedtime Relaxation Techniques: Which Ones Work and How to Choose,yes: weighted-blanket; sleep-headphones,1,,draft-pending-validation,
mindfulness for sleep,primary,,,,,,informational,relaxation,/relaxation/mindfulness-for-sleep/,Mindfulness for Sleep: Letting Go of the Effort to Fall Asleep,no,2,,draft-pending-validation,
mindfulness and sleep,secondary,,,,,,informational,relaxation,/relaxation/mindfulness-for-sleep/,Mindfulness for Sleep: Letting Go of the Effort to Fall Asleep,no,2,,draft-pending-validation,
mindfulness before bed,secondary,,,,,,informational,relaxation,/relaxation/mindfulness-for-sleep/,Mindfulness for Sleep: Letting Go of the Effort to Fall Asleep,no,2,,draft-pending-validation,
mindful sleep,secondary,,,,,,informational,relaxation,/relaxation/mindfulness-for-sleep/,Mindfulness for Sleep: Letting Go of the Effort to Fall Asleep,no,2,,draft-pending-validation,
mindfulness for insomnia,secondary,,,,,,informational,relaxation,/relaxation/mindfulness-for-sleep/,Mindfulness for Sleep: Letting Go of the Effort to Fall Asleep,no,2,,draft-pending-validation,
box breathing,primary,,,,,,informational,relaxation,/relaxation/box-breathing/,Box Breathing for Sleep and Stress: The 4-4-4-4 Method,no,3,,draft-pending-validation,
box breathing technique,secondary,,,,,,informational,relaxation,/relaxation/box-breathing/,Box Breathing for Sleep and Stress: The 4-4-4-4 Method,no,3,,draft-pending-validation,
box breathing for sleep,secondary,,,,,,informational,relaxation,/relaxation/box-breathing/,Box Breathing for Sleep and Stress: The 4-4-4-4 Method,no,3,,draft-pending-validation,
square breathing,secondary,,,,,,informational,relaxation,/relaxation/box-breathing/,Box Breathing for Sleep and Stress: The 4-4-4-4 Method,no,3,,draft-pending-validation,
4 4 4 4 breathing,secondary,,,,,,informational,relaxation,/relaxation/box-breathing/,Box Breathing for Sleep and Stress: The 4-4-4-4 Method,no,3,,draft-pending-validation,
guided relaxation for sleep,primary,,,,,,informational,relaxation,/relaxation/guided-relaxation-for-sleep/,Guided Relaxation for Sleep: How It Works and Where to Start,yes: sleep-headphones,3,,draft-pending-validation,
guided sleep relaxation,secondary,,,,,,informational,relaxation,/relaxation/guided-relaxation-for-sleep/,Guided Relaxation for Sleep: How It Works and Where to Start,yes: sleep-headphones,3,,draft-pending-validation,
guided relaxation audio,secondary,,,,,,informational,relaxation,/relaxation/guided-relaxation-for-sleep/,Guided Relaxation for Sleep: How It Works and Where to Start,yes: sleep-headphones,3,,draft-pending-validation,
guided imagery for sleep,secondary,,,,,,informational,relaxation,/relaxation/guided-relaxation-for-sleep/,Guided Relaxation for Sleep: How It Works and Where to Start,yes: sleep-headphones,3,,draft-pending-validation,
sleep talk down,secondary,,,,,,informational,relaxation,/relaxation/guided-relaxation-for-sleep/,Guided Relaxation for Sleep: How It Works and Where to Start,yes: sleep-headphones,3,,draft-pending-validation,
yoga nidra for sleep,primary,,,,,,informational,relaxation,/relaxation/yoga-nidra-for-sleep/,Yoga Nidra for Sleep: What It Is and How to Practise It,no,3,,draft-pending-validation,
yoga nidra,secondary,,,,,,informational,relaxation,/relaxation/yoga-nidra-for-sleep/,Yoga Nidra for Sleep: What It Is and How to Practise It,no,3,,draft-pending-validation,
yoga nidra before bed,secondary,,,,,,informational,relaxation,/relaxation/yoga-nidra-for-sleep/,Yoga Nidra for Sleep: What It Is and How to Practise It,no,3,,draft-pending-validation,
yogic sleep,secondary,,,,,,informational,relaxation,/relaxation/yoga-nidra-for-sleep/,Yoga Nidra for Sleep: What It Is and How to Practise It,no,3,,draft-pending-validation,
NSDR,secondary,,,,,,informational,relaxation,/relaxation/yoga-nidra-for-sleep/,Yoga Nidra for Sleep: What It Is and How to Practise It,no,3,,draft-pending-validation,
bedtime stretches,primary,,,,,,informational,relaxation,/relaxation/bedtime-stretches/,Gentle Bedtime Stretches to Help You Unwind,no,3,,draft-pending-validation,
stretches before bed,secondary,,,,,,informational,relaxation,/relaxation/bedtime-stretches/,Gentle Bedtime Stretches to Help You Unwind,no,3,,draft-pending-validation,
stretching before sleep,secondary,,,,,,informational,relaxation,/relaxation/bedtime-stretches/,Gentle Bedtime Stretches to Help You Unwind,no,3,,draft-pending-validation,
bedtime yoga stretches,secondary,,,,,,informational,relaxation,/relaxation/bedtime-stretches/,Gentle Bedtime Stretches to Help You Unwind,no,3,,draft-pending-validation,
stretches to help you sleep,secondary,,,,,,informational,relaxation,/relaxation/bedtime-stretches/,Gentle Bedtime Stretches to Help You Unwind,no,3,,draft-pending-validation,
sleep hygiene,primary,,,,,,informational,sleep-habits,/sleep-habits/sleep-hygiene/,Sleep Hygiene: What It Really Means and a Realistic Checklist,yes: sleep-mask,1,,draft-pending-validation,
what is sleep hygiene,secondary,,,,,,informational,sleep-habits,/sleep-habits/sleep-hygiene/,Sleep Hygiene: What It Really Means and a Realistic Checklist,yes: sleep-mask,1,,draft-pending-validation,
sleep hygiene tips,secondary,,,,,,informational,sleep-habits,/sleep-habits/sleep-hygiene/,Sleep Hygiene: What It Really Means and a Realistic Checklist,yes: sleep-mask,1,,draft-pending-validation,
good sleep hygiene,secondary,,,,,,informational,sleep-habits,/sleep-habits/sleep-hygiene/,Sleep Hygiene: What It Really Means and a Realistic Checklist,yes: sleep-mask,1,,draft-pending-validation,
sleep hygiene checklist,secondary,,,,,,informational,sleep-habits,/sleep-habits/sleep-hygiene/,Sleep Hygiene: What It Really Means and a Realistic Checklist,yes: sleep-mask,1,,draft-pending-validation,
screens before bed,primary,,,,,,informational,sleep-habits,/sleep-habits/screens-before-bed/,Screens Before Bed: How Much Do Phones Really Affect Sleep?,no,2,,draft-pending-validation,
phone before bed,secondary,,,,,,informational,sleep-habits,/sleep-habits/screens-before-bed/,Screens Before Bed: How Much Do Phones Really Affect Sleep?,no,2,,draft-pending-validation,
blue light and sleep,secondary,,,,,,informational,sleep-habits,/sleep-habits/screens-before-bed/,Screens Before Bed: How Much Do Phones Really Affect Sleep?,no,2,,draft-pending-validation,
using phone before bed sleep,secondary,,,,,,informational,sleep-habits,/sleep-habits/screens-before-bed/,Screens Before Bed: How Much Do Phones Really Affect Sleep?,no,2,,draft-pending-validation,
screen time before bed,secondary,,,,,,informational,sleep-habits,/sleep-habits/screens-before-bed/,Screens Before Bed: How Much Do Phones Really Affect Sleep?,no,2,,draft-pending-validation,
caffeine and sleep,primary,,,,,,informational,sleep-habits,/sleep-habits/caffeine-and-sleep/,Caffeine and Sleep: How Late Is Too Late for Coffee?,no,2,,draft-pending-validation,
how late can you drink coffee,secondary,,,,,,informational,sleep-habits,/sleep-habits/caffeine-and-sleep/,Caffeine and Sleep: How Late Is Too Late for Coffee?,no,2,,draft-pending-validation,
caffeine before bed,secondary,,,,,,informational,sleep-habits,/sleep-habits/caffeine-and-sleep/,Caffeine and Sleep: How Late Is Too Late for Coffee?,no,2,,draft-pending-validation,
does caffeine affect sleep,secondary,,,,,,informational,sleep-habits,/sleep-habits/caffeine-and-sleep/,Caffeine and Sleep: How Late Is Too Late for Coffee?,no,2,,draft-pending-validation,
caffeine half life,secondary,,,,,,informational,sleep-habits,/sleep-habits/caffeine-and-sleep/,Caffeine and Sleep: How Late Is Too Late for Coffee?,no,2,,draft-pending-validation,
alcohol and sleep,primary,,,,,,informational,sleep-habits,/sleep-habits/alcohol-and-sleep/,Alcohol and Sleep: Why a Nightcap Makes the Night Worse,no,2,,draft-pending-validation,
does alcohol help you sleep,secondary,,,,,,informational,sleep-habits,/sleep-habits/alcohol-and-sleep/,Alcohol and Sleep: Why a Nightcap Makes the Night Worse,no,2,,draft-pending-validation,
alcohol before bed,secondary,,,,,,informational,sleep-habits,/sleep-habits/alcohol-and-sleep/,Alcohol and Sleep: Why a Nightcap Makes the Night Worse,no,2,,draft-pending-validation,
alcohol sleep quality,secondary,,,,,,informational,sleep-habits,/sleep-habits/alcohol-and-sleep/,Alcohol and Sleep: Why a Nightcap Makes the Night Worse,no,2,,draft-pending-validation,
why do I wake up after drinking,secondary,,,,,,informational,sleep-habits,/sleep-habits/alcohol-and-sleep/,Alcohol and Sleep: Why a Nightcap Makes the Night Worse,no,2,,draft-pending-validation,
exercise and sleep,primary,,,,,,informational,sleep-habits,/sleep-habits/exercise-and-sleep/,"Exercise and Sleep: Timing, Intensity and What the Evidence Says",no,2,,draft-pending-validation,
does exercise help you sleep,secondary,,,,,,informational,sleep-habits,/sleep-habits/exercise-and-sleep/,"Exercise and Sleep: Timing, Intensity and What the Evidence Says",no,2,,draft-pending-validation,
exercising before bed,secondary,,,,,,informational,sleep-habits,/sleep-habits/exercise-and-sleep/,"Exercise and Sleep: Timing, Intensity and What the Evidence Says",no,2,,draft-pending-validation,
best time to exercise for sleep,secondary,,,,,,informational,sleep-habits,/sleep-habits/exercise-and-sleep/,"Exercise and Sleep: Timing, Intensity and What the Evidence Says",no,2,,draft-pending-validation,
working out at night sleep,secondary,,,,,,informational,sleep-habits,/sleep-habits/exercise-and-sleep/,"Exercise and Sleep: Timing, Intensity and What the Evidence Says",no,2,,draft-pending-validation,
consistent sleep schedule,primary,,,,,,informational,sleep-habits,/sleep-habits/consistent-sleep-schedule/,Why a Consistent Sleep Schedule Matters More Than You Think,no,2,,draft-pending-validation,
consistent bedtime,secondary,,,,,,informational,sleep-habits,/sleep-habits/consistent-sleep-schedule/,Why a Consistent Sleep Schedule Matters More Than You Think,no,2,,draft-pending-validation,
regular sleep schedule,secondary,,,,,,informational,sleep-habits,/sleep-habits/consistent-sleep-schedule/,Why a Consistent Sleep Schedule Matters More Than You Think,no,2,,draft-pending-validation,
same bedtime every night,secondary,,,,,,informational,sleep-habits,/sleep-habits/consistent-sleep-schedule/,Why a Consistent Sleep Schedule Matters More Than You Think,no,2,,draft-pending-validation,
sleep schedule benefits,secondary,,,,,,informational,sleep-habits,/sleep-habits/consistent-sleep-schedule/,Why a Consistent Sleep Schedule Matters More Than You Think,no,2,,draft-pending-validation,
how to fix your sleep schedule,primary,,,,,,informational,sleep-habits,/sleep-habits/how-to-fix-your-sleep-schedule/,How to Fix Your Sleep Schedule: A Week-by-Week Reset,yes: sleep-mask,1,,draft-pending-validation,
how to reset sleep schedule,secondary,,,,,,informational,sleep-habits,/sleep-habits/how-to-fix-your-sleep-schedule/,How to Fix Your Sleep Schedule: A Week-by-Week Reset,yes: sleep-mask,1,,draft-pending-validation,
fix sleep pattern,secondary,,,,,,informational,sleep-habits,/sleep-habits/how-to-fix-your-sleep-schedule/,How to Fix Your Sleep Schedule: A Week-by-Week Reset,yes: sleep-mask,1,,draft-pending-validation,
how to fix sleeping pattern,secondary,,,,,,informational,sleep-habits,/sleep-habits/how-to-fix-your-sleep-schedule/,How to Fix Your Sleep Schedule: A Week-by-Week Reset,yes: sleep-mask,1,,draft-pending-validation,
reset body clock,secondary,,,,,,informational,sleep-habits,/sleep-habits/how-to-fix-your-sleep-schedule/,How to Fix Your Sleep Schedule: A Week-by-Week Reset,yes: sleep-mask,1,,draft-pending-validation,
morning routine for better sleep,primary,,,,,,informational,sleep-habits,/sleep-habits/morning-routine-for-better-sleep/,How Your Morning Routine Shapes Tonight's Sleep,no,3,,draft-pending-validation,
morning habits for sleep,secondary,,,,,,informational,sleep-habits,/sleep-habits/morning-routine-for-better-sleep/,How Your Morning Routine Shapes Tonight's Sleep,no,3,,draft-pending-validation,
morning light and sleep,secondary,,,,,,informational,sleep-habits,/sleep-habits/morning-routine-for-better-sleep/,How Your Morning Routine Shapes Tonight's Sleep,no,3,,draft-pending-validation,
wake up at the same time every day,secondary,,,,,,informational,sleep-habits,/sleep-habits/morning-routine-for-better-sleep/,How Your Morning Routine Shapes Tonight's Sleep,no,3,,draft-pending-validation,
morning routine sleep,secondary,,,,,,informational,sleep-habits,/sleep-habits/morning-routine-for-better-sleep/,How Your Morning Routine Shapes Tonight's Sleep,no,3,,draft-pending-validation,
do naps affect night sleep,primary,,,,,,informational,sleep-habits,/sleep-habits/napping-and-night-sleep/,Do Naps Ruin Your Sleep at Night? How to Nap Without Paying for It,yes: sleep-mask,3,,draft-pending-validation,
napping and night sleep,secondary,,,,,,informational,sleep-habits,/sleep-habits/napping-and-night-sleep/,Do Naps Ruin Your Sleep at Night? How to Nap Without Paying for It,yes: sleep-mask,3,,draft-pending-validation,
how long should a nap be,secondary,,,,,,informational,sleep-habits,/sleep-habits/napping-and-night-sleep/,Do Naps Ruin Your Sleep at Night? How to Nap Without Paying for It,yes: sleep-mask,3,,draft-pending-validation,
is napping bad for sleep,secondary,,,,,,informational,sleep-habits,/sleep-habits/napping-and-night-sleep/,Do Naps Ruin Your Sleep at Night? How to Nap Without Paying for It,yes: sleep-mask,3,,draft-pending-validation,
power nap,secondary,,,,,,informational,sleep-habits,/sleep-habits/napping-and-night-sleep/,Do Naps Ruin Your Sleep at Night? How to Nap Without Paying for It,yes: sleep-mask,3,,draft-pending-validation,
eating before bed,primary,,,,,,informational,sleep-habits,/sleep-habits/eating-before-bed/,"Eating Before Bed: What, When and How Much Affects Sleep",no,3,,draft-pending-validation,
is it bad to eat before bed,secondary,,,,,,informational,sleep-habits,/sleep-habits/eating-before-bed/,"Eating Before Bed: What, When and How Much Affects Sleep",no,3,,draft-pending-validation,
late night eating sleep,secondary,,,,,,informational,sleep-habits,/sleep-habits/eating-before-bed/,"Eating Before Bed: What, When and How Much Affects Sleep",no,3,,draft-pending-validation,
what to eat before bed for sleep,secondary,,,,,,informational,sleep-habits,/sleep-habits/eating-before-bed/,"Eating Before Bed: What, When and How Much Affects Sleep",no,3,,draft-pending-validation,
food before bed,secondary,,,,,,informational,sleep-habits,/sleep-habits/eating-before-bed/,"Eating Before Bed: What, When and How Much Affects Sleep",no,3,,draft-pending-validation,
why can't I sleep,primary,,,,,,informational,sleep-questions,/sleep-questions/why-cant-i-sleep/,Why Can't I Sleep? The Most Common Reasons and Where to Start,no,1,,draft-pending-validation,
why can't I sleep at night,secondary,,,,,,informational,sleep-questions,/sleep-questions/why-cant-i-sleep/,Why Can't I Sleep? The Most Common Reasons and Where to Start,no,1,,draft-pending-validation,
why can't I sleep even though I'm tired,secondary,,,,,,informational,sleep-questions,/sleep-questions/why-cant-i-sleep/,Why Can't I Sleep? The Most Common Reasons and Where to Start,no,1,,draft-pending-validation,
reasons you can't sleep,secondary,,,,,,informational,sleep-questions,/sleep-questions/why-cant-i-sleep/,Why Can't I Sleep? The Most Common Reasons and Where to Start,no,1,,draft-pending-validation,
cant sleep,secondary,,,,,,informational,sleep-questions,/sleep-questions/why-cant-i-sleep/,Why Can't I Sleep? The Most Common Reasons and Where to Start,no,1,,draft-pending-validation,
tired but can't sleep,primary,,,,,,informational,sleep-questions,/sleep-questions/why-am-i-tired-but-cant-sleep/,Why Am I Tired but Can't Sleep?,no,1,,draft-pending-validation,
why am I tired but can't sleep,secondary,,,,,,informational,sleep-questions,/sleep-questions/why-am-i-tired-but-cant-sleep/,Why Am I Tired but Can't Sleep?,no,1,,draft-pending-validation,
exhausted but can't sleep,secondary,,,,,,informational,sleep-questions,/sleep-questions/why-am-i-tired-but-cant-sleep/,Why Am I Tired but Can't Sleep?,no,1,,draft-pending-validation,
tired but wired,secondary,,,,,,informational,sleep-questions,/sleep-questions/why-am-i-tired-but-cant-sleep/,Why Am I Tired but Can't Sleep?,no,1,,draft-pending-validation,
so tired but can't fall asleep,secondary,,,,,,informational,sleep-questions,/sleep-questions/why-am-i-tired-but-cant-sleep/,Why Am I Tired but Can't Sleep?,no,1,,draft-pending-validation,
how much sleep do adults need,primary,,,,,,informational,sleep-questions,/sleep-questions/how-much-sleep-do-adults-need/,How Much Sleep Do Adults Need?,no,1,,draft-pending-validation,
how many hours of sleep do I need,secondary,,,,,,informational,sleep-questions,/sleep-questions/how-much-sleep-do-adults-need/,How Much Sleep Do Adults Need?,no,1,,draft-pending-validation,
how much sleep do I need,secondary,,,,,,informational,sleep-questions,/sleep-questions/how-much-sleep-do-adults-need/,How Much Sleep Do Adults Need?,no,1,,draft-pending-validation,
recommended sleep for adults,secondary,,,,,,informational,sleep-questions,/sleep-questions/how-much-sleep-do-adults-need/,How Much Sleep Do Adults Need?,no,1,,draft-pending-validation,
is 6 hours of sleep enough,secondary,,,,,,informational,sleep-questions,/sleep-questions/how-much-sleep-do-adults-need/,How Much Sleep Do Adults Need?,no,1,,draft-pending-validation,
does a sleep mask help you sleep,primary,,,,,,informational,sleep-questions,/sleep-questions/does-a-sleep-mask-help-you-sleep/,Does a Sleep Mask Actually Help You Sleep?,yes: sleep-mask,2,,draft-pending-validation,
do sleep masks work,secondary,,,,,,informational,sleep-questions,/sleep-questions/does-a-sleep-mask-help-you-sleep/,Does a Sleep Mask Actually Help You Sleep?,yes: sleep-mask,2,,draft-pending-validation,
are sleep masks good for you,secondary,,,,,,informational,sleep-questions,/sleep-questions/does-a-sleep-mask-help-you-sleep/,Does a Sleep Mask Actually Help You Sleep?,yes: sleep-mask,2,,draft-pending-validation,
benefits of sleep mask,secondary,,,,,,informational,sleep-questions,/sleep-questions/does-a-sleep-mask-help-you-sleep/,Does a Sleep Mask Actually Help You Sleep?,yes: sleep-mask,2,,draft-pending-validation,
sleep mask benefits,secondary,,,,,,informational,sleep-questions,/sleep-questions/does-a-sleep-mask-help-you-sleep/,Does a Sleep Mask Actually Help You Sleep?,yes: sleep-mask,2,,draft-pending-validation,
is it bad to sleep with the light on,primary,,,,,,informational,sleep-questions,/sleep-questions/is-it-bad-to-sleep-with-the-light-on/,Is It Bad to Sleep With the Light On?,yes: sleep-mask,3,,draft-pending-validation,
sleeping with the light on,secondary,,,,,,informational,sleep-questions,/sleep-questions/is-it-bad-to-sleep-with-the-light-on/,Is It Bad to Sleep With the Light On?,yes: sleep-mask,3,,draft-pending-validation,
sleeping with lights on bad,secondary,,,,,,informational,sleep-questions,/sleep-questions/is-it-bad-to-sleep-with-the-light-on/,Is It Bad to Sleep With the Light On?,yes: sleep-mask,3,,draft-pending-validation,
light on while sleeping,secondary,,,,,,informational,sleep-questions,/sleep-questions/is-it-bad-to-sleep-with-the-light-on/,Is It Bad to Sleep With the Light On?,yes: sleep-mask,3,,draft-pending-validation,
sleeping with a night light,secondary,,,,,,informational,sleep-questions,/sleep-questions/is-it-bad-to-sleep-with-the-light-on/,Is It Bad to Sleep With the Light On?,yes: sleep-mask,3,,draft-pending-validation,
does reading before bed help you sleep,primary,,,,,,informational,sleep-questions,/sleep-questions/does-reading-before-bed-help-you-sleep/,Does Reading Before Bed Help You Sleep?,no,3,,draft-pending-validation,
reading before bed,secondary,,,,,,informational,sleep-questions,/sleep-questions/does-reading-before-bed-help-you-sleep/,Does Reading Before Bed Help You Sleep?,no,3,,draft-pending-validation,
reading in bed sleep,secondary,,,,,,informational,sleep-questions,/sleep-questions/does-reading-before-bed-help-you-sleep/,Does Reading Before Bed Help You Sleep?,no,3,,draft-pending-validation,
is reading before bed good,secondary,,,,,,informational,sleep-questions,/sleep-questions/does-reading-before-bed-help-you-sleep/,Does Reading Before Bed Help You Sleep?,no,3,,draft-pending-validation,
books before bed,secondary,,,,,,informational,sleep-questions,/sleep-questions/does-reading-before-bed-help-you-sleep/,Does Reading Before Bed Help You Sleep?,no,3,,draft-pending-validation,
is it ok to sleep with earplugs every night,primary,,,,,,informational,sleep-questions,/sleep-questions/is-it-ok-to-sleep-with-earplugs-every-night/,Is It OK to Sleep With Earplugs Every Night?,yes: earplugs,3,,draft-pending-validation,
sleeping with earplugs every night,secondary,,,,,,informational,sleep-questions,/sleep-questions/is-it-ok-to-sleep-with-earplugs-every-night/,Is It OK to Sleep With Earplugs Every Night?,yes: earplugs,3,,draft-pending-validation,
are earplugs bad for your ears,secondary,,,,,,informational,sleep-questions,/sleep-questions/is-it-ok-to-sleep-with-earplugs-every-night/,Is It OK to Sleep With Earplugs Every Night?,yes: earplugs,3,,draft-pending-validation,
earplugs every night,secondary,,,,,,informational,sleep-questions,/sleep-questions/is-it-ok-to-sleep-with-earplugs-every-night/,Is It OK to Sleep With Earplugs Every Night?,yes: earplugs,3,,draft-pending-validation,
wearing earplugs to sleep,secondary,,,,,,informational,sleep-questions,/sleep-questions/is-it-ok-to-sleep-with-earplugs-every-night/,Is It OK to Sleep With Earplugs Every Night?,yes: earplugs,3,,draft-pending-validation,
can you catch up on sleep,primary,,,,,,informational,sleep-questions,/sleep-questions/can-you-catch-up-on-sleep/,Can You Catch Up on Sleep? What Sleep Debt Really Means,no,2,,draft-pending-validation,
sleep debt,secondary,,,,,,informational,sleep-questions,/sleep-questions/can-you-catch-up-on-sleep/,Can You Catch Up on Sleep? What Sleep Debt Really Means,no,2,,draft-pending-validation,
catching up on sleep at the weekend,secondary,,,,,,informational,sleep-questions,/sleep-questions/can-you-catch-up-on-sleep/,Can You Catch Up on Sleep? What Sleep Debt Really Means,no,2,,draft-pending-validation,
how to recover from lack of sleep,secondary,,,,,,informational,sleep-questions,/sleep-questions/can-you-catch-up-on-sleep/,Can You Catch Up on Sleep? What Sleep Debt Really Means,no,2,,draft-pending-validation,
can you make up lost sleep,secondary,,,,,,informational,sleep-questions,/sleep-questions/can-you-catch-up-on-sleep/,Can You Catch Up on Sleep? What Sleep Debt Really Means,no,2,,draft-pending-validation,
second wind at night,primary,,,,,,informational,sleep-questions,/sleep-questions/why-do-i-get-a-second-wind-at-night/,Why Do I Get a Second Wind at Night?,no,3,,draft-pending-validation,
why do I get a second wind at night,secondary,,,,,,informational,sleep-questions,/sleep-questions/why-do-i-get-a-second-wind-at-night/,Why Do I Get a Second Wind at Night?,no,3,,draft-pending-validation,
second wind before bed,secondary,,,,,,informational,sleep-questions,/sleep-questions/why-do-i-get-a-second-wind-at-night/,Why Do I Get a Second Wind at Night?,no,3,,draft-pending-validation,
sudden energy at night,secondary,,,,,,informational,sleep-questions,/sleep-questions/why-do-i-get-a-second-wind-at-night/,Why Do I Get a Second Wind at Night?,no,3,,draft-pending-validation,
wide awake at bedtime,secondary,,,,,,informational,sleep-questions,/sleep-questions/why-do-i-get-a-second-wind-at-night/,Why Do I Get a Second Wind at Night?,no,3,,draft-pending-validation,
when to see a doctor about insomnia,primary,,,,,,informational,sleep-questions,/sleep-questions/when-to-see-a-gp-about-sleep/,When to See a GP About Sleep Problems,no,2,,draft-pending-validation,
when to see a gp about sleep,secondary,,,,,,informational,sleep-questions,/sleep-questions/when-to-see-a-gp-about-sleep/,When to See a GP About Sleep Problems,no,2,,draft-pending-validation,
see a doctor for sleep problems,secondary,,,,,,informational,sleep-questions,/sleep-questions/when-to-see-a-gp-about-sleep/,When to See a GP About Sleep Problems,no,2,,draft-pending-validation,
insomnia gp uk,secondary,,,,,,informational,sleep-questions,/sleep-questions/when-to-see-a-gp-about-sleep/,When to See a GP About Sleep Problems,no,2,,draft-pending-validation,
sleep problems nhs,secondary,,,,,,informational,sleep-questions,/sleep-questions/when-to-see-a-gp-about-sleep/,When to See a GP About Sleep Problems,no,2,,draft-pending-validation,
7 night sleep plan,primary,,,,,,informational,resources,/resources/7-night-quiet-mind-sleep-plan/,The 7-Night Quiet Mind Sleep Plan,no,2,,draft-pending-validation,
sleep plan,secondary,,,,,,informational,resources,/resources/7-night-quiet-mind-sleep-plan/,The 7-Night Quiet Mind Sleep Plan,no,2,,draft-pending-validation,
one week sleep reset,secondary,,,,,,informational,resources,/resources/7-night-quiet-mind-sleep-plan/,The 7-Night Quiet Mind Sleep Plan,no,2,,draft-pending-validation,
bedtime plan,secondary,,,,,,informational,resources,/resources/7-night-quiet-mind-sleep-plan/,The 7-Night Quiet Mind Sleep Plan,no,2,,draft-pending-validation,
sleep checklist,primary,,,,,,informational,resources,/resources/sleep-checklist/,The Better Sleep Checklist: 20 Things to Get Right,no,3,,draft-pending-validation,
better sleep checklist,secondary,,,,,,informational,resources,/resources/sleep-checklist/,The Better Sleep Checklist: 20 Things to Get Right,no,3,,draft-pending-validation,
bedtime checklist,secondary,,,,,,informational,resources,/resources/sleep-checklist/,The Better Sleep Checklist: 20 Things to Get Right,no,3,,draft-pending-validation,
sleep audit,secondary,,,,,,informational,resources,/resources/sleep-checklist/,The Better Sleep Checklist: 20 Things to Get Right,no,3,,draft-pending-validation,
